edgebits,nonce,seconds,found,device,cycle
29,0,2.382729,0,0,
29,1,2.401788,0,0,
29,2,2.385047,0,0,
29,3,2.393404,0,0,
29,4,2.399441,0,0,
29,5,2.392626,0,0,
29,6,2.395525,0,0,
29,7,2.392244,0,0,
29,8,2.399868,0,0,
29,9,2.400889,0,0,
29,10,2.382385,0,0,
29,11,2.394556,0,0,
29,12,2.393677,0,0,
29,13,2.397000,0,0,
29,14,2.385951,0,0,
29,15,2.388923,0,0,
29,16,2.410823,1,0,e21e8 6a5f34 1099f88 1488ca0 1fdcf96 2181078 21f3083 281f25e 36c0b10 41215a3 443d634 58ed070 71bc5f1 738c3ff 794c17f 90ab795 945ac77 a34998f a9ca070 b684bf2 c6ba3e7 d4666c2 df1e0ac e8c15f1 e8e2b39 f7ce781 1148fd12 125875cd 1281a052 12dcb708 13b74deb 15d7ba1d 15e2119f 1689ba67 170328b9 17806bd0 1904e0e2 198c7763 1c043478 1dc54c77 1e194399 1fef6523
29,17,2.384135,0,0,
29,18,2.387583,0,0,
29,19,2.395343,0,0,
29,20,2.392044,0,0,
29,21,2.388319,0,0,
29,22,2.378145,0,0,
29,23,2.388786,0,0,
29,24,2.386111,0,0,
29,25,2.401029,0,0,
29,26,2.388189,0,0,
29,27,2.411996,0,0,
29,28,2.386454,0,0,
29,29,2.378561,0,0,
29,30,2.381988,0,0,
29,31,2.397714,0,0,
29,32,2.402692,0,0,
29,33,2.394199,0,0,
29,34,2.391239,0,0,
29,35,2.390750,0,0,
29,36,2.388458,0,0,
29,37,2.383450,0,0,
29,38,2.411972,0,0,
29,39,2.387782,0,0,
29,40,2.398162,0,0,
29,41,2.402053,0,0,
29,42,2.395391,0,0,
29,43,2.394954,0,0,
29,44,2.386092,0,0,
29,45,2.387907,0,0,
29,46,2.386419,0,0,
29,47,2.383368,0,0,
29,48,2.387256,0,0,
29,49,2.398424,0,0,
29,50,2.386281,0,0,
29,51,2.391771,0,0,
29,52,2.390361,0,0,
29,53,2.395179,0,0,
29,54,2.384063,0,0,
29,55,2.396447,0,0,
29,56,2.393094,0,0,
29,57,2.389402,0,0,
29,58,2.389148,0,0,
29,59,2.378114,0,0,
29,60,2.392392,0,0,
29,61,2.404486,0,0,
29,62,2.390151,0,0,
29,63,2.379898,0,0,
29,64,2.391726,0,0,
29,65,2.394141,0,0,
29,66,2.379053,0,0,
29,67,2.380111,0,0,
29,68,2.393472,0,0,
29,69,2.391966,0,0,
29,70,2.386138,0,0,
29,71,2.383686,0,0,
29,72,2.398097,0,0,
29,73,2.404250,0,0,
29,74,2.372338,0,0,
29,75,2.395688,0,0,
29,76,2.382168,0,0,
29,77,2.387687,0,0,
29,78,2.376119,0,0,
29,79,2.384306,0,0,
29,80,2.384963,0,0,
29,81,2.388235,0,0,
29,82,2.394054,0,0,
29,83,2.389558,0,0,
29,84,2.386568,0,0,
29,85,2.388878,0,0,
29,86,2.404177,0,0,
29,87,2.389391,0,0,
29,88,2.401328,0,0,
29,89,2.397068,0,0,
29,90,2.376296,0,0,
29,91,2.382275,0,0,
29,92,2.393351,0,0,
29,93,2.388443,0,0,
29,94,2.388134,0,0,
29,95,2.378017,0,0,
29,96,2.390822,0,0,
29,97,2.392572,0,0,
29,98,2.392562,0,0,
29,99,2.402078,0,0,
29,100,2.392514,0,0,
29,101,2.400336,0,0,
29,102,2.386046,0,0,
29,103,2.395754,0,0,
29,104,2.390145,0,0,
29,105,2.383536,0,0,
29,106,2.387137,0,0,
29,107,2.397361,0,0,
29,108,2.378741,0,0,
29,109,2.401312,0,0,
29,110,2.395668,0,0,
29,111,2.399270,0,0,
29,112,2.396748,0,0,
29,113,2.392697,0,0,
29,114,2.399479,0,0,
29,115,2.384825,0,0,
29,116,2.386527,0,0,
29,117,2.390138,0,0,
29,118,2.377208,0,0,
29,119,2.379935,0,0,
29,120,2.387162,0,0,
29,121,2.392286,0,0,
29,122,2.390352,0,0,
29,123,2.392188,0,0,
29,124,2.386913,0,0,
29,125,2.382053,0,0,
29,126,2.374291,0,0,
29,127,2.378396,0,0,
29,128,2.384121,0,0,
29,129,2.391419,0,0,
29,130,2.372726,0,0,
29,131,2.388475,0,0,
29,132,2.393434,0,0,
29,133,2.392570,0,0,
29,134,2.391550,0,0,
29,135,2.394666,0,0,
29,136,2.385077,0,0,
29,137,2.383624,0,0,
29,138,2.392301,0,0,
29,139,2.400475,0,0,
29,140,2.393525,0,0,
29,141,2.394742,0,0,
29,142,2.392614,0,0,
29,143,2.382733,0,0,
29,144,2.383625,0,0,
29,145,2.408521,0,0,
29,146,2.398176,0,0,
29,147,2.398670,0,0,
29,148,2.400772,0,0,
29,149,2.387644,0,0,
29,150,2.387512,0,0,
29,151,2.438342,1,0,248221 105525f 1357d35 2bb861e 2ed3bbb 31d5288 34c8a92 3c72d1a 4a5d667 4ce82f8 6b2a718 6cae91a 7c40dc1 7cc88e1 9c0f08e ce4bed0 dabb17e e62eb16 f3ff632 f77513a 113cb74b 11ea0d98 14055bc6 155576da 157a90f4 1718731a 176ccfc0 17df4a08 17eef4ad 1881feef 18a90067 18f98fc0 1952a6a1 19734dc4 19b59da2 1a1829d9 1af8d1b6 1d1982af 1d23cb78 1d53bfa0 1efea232 1f134dfe
29,152,2.391146,0,0,
29,153,2.382140,0,0,
29,154,2.392528,0,0,
29,155,2.410917,0,0,
29,156,2.397477,0,0,
29,157,2.382861,0,0,
29,158,2.384954,0,0,
29,159,2.373175,0,0,
29,160,2.396363,0,0,
29,161,2.390507,0,0,
29,162,2.403156,0,0,
29,163,2.388526,0,0,
29,164,2.427575,1,0,6b0fb a10f2a a4c9e1 1c01318 2b359a3 2f867c9 317100e 5a07834 6442cf4 70cfcf1 7b9f4a9 82145e6 8b58d55 95cf3e6 a943e89 a99141c b3db826 b580bb0 fca9a19 10dee244 120944e9 124ad030 130a22f3 13780c1d 13f454d2 140c32c6 14c7f1e5 14d2250b 15171c00 157b1d5e 16f3b1fe 17378881 1a4f8bc1 1af5e8fb 1bcea725 1daf1ad8 1e7659bd 1e85f0f1 1e9eefb5 1efc379c 1f056853 1f511d5f
29,165,2.388305,0,0,
29,166,2.401427,0,0,
29,167,2.385035,0,0,
29,168,2.391865,0,0,
29,169,2.385233,0,0,
29,170,2.395400,0,0,
29,171,2.380508,0,0,
29,172,2.420701,1,0,1f04dab 45b067c 4ea5bb2 4f18b21 582c955 6410949 701887e 70d6f17 7f43b7f 84cd7f9 a448dff b33f1e7 bf01b2f bf6c7db c2cca6d c461786 c6ab434 ea3a7c1 f015937 f1732d6 10203151 118319cd 123bf86f 14575189 14a63d34 151fe87a 15208638 16cf54a1 17261da1 17a96378 1986cfe9 19a36f4c 1a253ac2 1a50b0ba 1b009a8a 1b2fee77 1cdd7053 1d666039 1dfe9ae7 1e21909d 1fe6011e 1ff01663
29,173,2.380771,0,0,
29,174,2.381105,0,0,
29,175,2.392275,0,0,
29,176,2.405632,0,0,
29,177,2.378000,0,0,
29,178,2.398440,0,0,
29,179,2.398401,0,0,
29,180,2.408315,0,0,
29,181,2.377105,0,0,
29,182,2.410087,0,0,
29,183,2.381182,0,0,
29,184,2.396578,0,0,
29,185,2.384904,0,0,
29,186,2.385715,0,0,
29,187,2.395826,0,0,
29,188,2.396830,0,0,
29,189,2.380944,0,0,
29,190,2.401488,0,0,
29,191,2.385500,0,0,
29,192,2.391534,0,0,
29,193,2.390484,0,0,
29,194,2.386910,0,0,
29,195,2.372809,0,0,
29,196,2.403417,0,0,
29,197,2.374713,0,0,
29,198,2.387440,0,0,
29,199,2.393333,0,0,
29,200,2.394122,0,0,
29,201,2.400050,0,0,
29,202,2.394663,0,0,
29,203,2.384986,0,0,
29,204,2.385588,0,0,
29,205,2.392714,0,0,
29,206,2.380365,0,0,
29,207,2.393587,0,0,
29,208,2.400197,0,0,
29,209,2.383939,0,0,
29,210,2.385366,0,0,
29,211,2.390837,0,0,
29,212,2.399756,0,0,
29,213,2.370502,0,0,
29,214,2.389338,0,0,
29,215,2.389951,0,0,
29,216,2.379426,0,0,
29,217,2.383802,0,0,
29,218,2.387263,0,0,
29,219,2.375517,0,0,
29,220,2.381854,0,0,
29,221,2.396902,0,0,
29,222,2.384729,0,0,
29,223,2.390581,0,0,
29,224,2.371483,0,0,
29,225,2.395063,0,0,
29,226,2.382820,0,0,
29,227,2.375115,0,0,
29,228,2.397343,0,0,
29,229,2.396302,0,0,
29,230,2.392496,0,0,
29,231,2.407875,0,0,
29,232,2.387496,0,0,
29,233,2.382759,0,0,
29,234,2.390683,0,0,
29,235,2.387126,0,0,
29,236,2.410925,0,0,
29,237,2.387556,0,0,
29,238,2.386040,0,0,
29,239,2.401413,0,0,
29,240,2.386177,0,0,
29,241,2.381571,0,0,
29,242,2.406931,0,0,
29,243,2.390468,0,0,
29,244,2.407195,0,0,
29,245,2.380237,0,0,
29,246,2.381831,0,0,
29,247,2.388412,0,0,
29,248,2.412499,0,0,
29,249,2.398890,0,0,
29,250,2.391644,0,0,
29,251,2.394540,0,0,
29,252,2.378216,0,0,
29,253,2.406637,0,0,
29,254,2.384531,0,0,
29,255,2.389665,0,0,
29,256,2.401190,0,0,
29,257,2.391848,0,0,
29,258,2.384325,0,0,
29,259,2.377993,0,0,
29,260,2.393931,0,0,
29,261,2.388116,0,0,
29,262,2.398098,0,0,
29,263,2.388116,0,0,
29,264,2.379801,0,0,
29,265,2.394980,0,0,
29,266,2.395997,0,0,
29,267,2.391266,0,0,
29,268,2.395328,0,0,
29,269,2.379416,0,0,
29,270,2.384711,0,0,
29,271,2.372997,0,0,
29,272,2.387885,0,0,
29,273,2.394273,0,0,
29,274,2.395629,0,0,
29,275,2.373125,0,0,
29,276,2.395324,0,0,
29,277,2.374016,0,0,
29,278,2.388858,0,0,
29,279,2.401236,0,0,
29,280,2.383000,0,0,
29,281,2.390051,0,0,
29,282,2.402325,0,0,
29,283,2.380103,0,0,
29,284,2.391063,0,0,
29,285,2.382407,0,0,
29,286,2.387576,0,0,
29,287,2.402092,0,0,
29,288,2.390723,0,0,
29,289,2.378725,0,0,
29,290,2.398953,0,0,
29,291,2.394270,0,0,
29,292,2.394297,0,0,
29,293,2.387467,0,0,
29,294,2.387551,0,0,
29,295,2.385662,0,0,
29,296,2.389417,0,0,
29,297,2.393399,0,0,
29,298,2.377539,0,0,
29,299,2.388979,0,0,
29,300,2.391684,0,0,
29,301,2.387674,0,0,
29,302,2.411196,0,0,
29,303,2.401766,0,0,
29,304,2.378139,0,0,
29,305,2.389813,0,0,
29,306,2.388348,0,0,
29,307,2.390628,0,0,
29,308,2.400259,0,0,
29,309,2.384373,0,0,
29,310,2.390426,0,0,
29,311,2.395093,0,0,
29,312,2.384881,0,0,
29,313,2.386377,0,0,
29,314,2.377020,0,0,
29,315,2.391430,0,0,
29,316,2.376148,0,0,
29,317,2.389276,0,0,
29,318,2.404149,0,0,
29,319,2.396018,0,0,
29,320,2.388757,0,0,
29,321,2.393512,0,0,
29,322,2.386205,0,0,
29,323,2.390708,0,0,
29,324,2.384639,0,0,
29,325,2.381386,0,0,
29,326,2.373657,0,0,
29,327,2.378242,0,0,
29,328,2.394985,0,0,
29,329,2.382275,0,0,
29,330,2.406321,0,0,
29,331,2.394964,0,0,
29,332,2.442455,1,0,e37ed4 297cfda 2a8326f 3056289 318d187 32ee001 34bc824 404d3e3 457cda4 46a5945 5a42174 5afb196 5f7310c 797e3b0 7bd5599 7f2dd91 8775f9d 950b86b a199a4e a4a9c88 aaafa4d afef2d5 b90a51a c339519 c36a0e3 caede6d d789f20 e08b532 e7efead effb184 f82dee6 11dd4559 12603ff6 154a2572 15c19bc3 15ce379f 1733b95c 17bff105 1b271244 1c98a867 1d0d9801 1e3c2c47
29,333,2.389904,0,0,
29,334,2.394717,0,0,
29,335,2.385340,0,0,
29,336,2.382939,0,0,
29,337,2.388377,0,0,
29,338,2.393904,0,0,
29,339,2.380642,0,0,
29,340,2.394370,0,0,
29,341,2.389814,0,0,
29,342,2.396903,0,0,
29,343,2.390871,0,0,
29,344,2.387459,0,0,
29,345,2.375183,0,0,
29,346,2.387371,0,0,
29,347,2.389134,0,0,
29,348,2.386542,0,0,
29,349,2.400331,0,0,
29,350,2.392264,0,0,
29,351,2.401482,0,0,
29,352,2.396662,0,0,
29,353,2.390867,0,0,
29,354,2.382510,0,0,
29,355,2.394887,0,0,
29,356,2.426049,1,0,112894b 22d0e89 2489bb0 3cbea82 5dcc34c 5edca1e a0edfce a275966 a58792c aa0a0b9 ae43b88 b91e0c3 b9695c0 c73eb96 cfb1a65 d2a0966 da99008 dd532dc eac5791 eb6470f ebc9263 f8c7ef5 fc40656 125b807a 1373c793 14c6e3cf 1581ff42 16955c35 1697fdcd 16ae4a1d 172e2403 1767f143 17bd4a59 1bc8bc56 1c0e02f3 1c6bcb16 1c7c21e8 1c8844be 1dfb2534 1e363082 1e3cad73 1f2a5e3e
29,357,2.395496,0,0,
29,358,2.398006,0,0,
29,359,2.389295,0,0,
29,360,2.388023,0,0,
29,361,2.383576,0,0,
29,362,2.402233,0,0,
29,363,2.391222,0,0,
29,364,2.394528,0,0,
29,365,2.382917,0,0,
29,366,2.378754,0,0,
29,367,2.383157,0,0,
29,368,2.371399,0,0,
29,369,2.376484,0,0,
29,370,2.376645,0,0,
29,371,2.399821,0,0,
29,372,2.390666,0,0,
29,373,2.376946,0,0,
29,374,2.394399,0,0,
29,375,2.376818,0,0,
29,376,2.399359,0,0,
29,377,2.391194,0,0,
29,378,2.389542,0,0,
29,379,2.382915,0,0,
29,380,2.396748,0,0,
29,381,2.390510,0,0,
29,382,2.420688,1,0,3119201 3a4f014 404423e 47ee271 65eb69a 8779c05 8be423f 981415c a78cc50 ac645ed b0e8b70 cc3def8 d72009e d815b7e d912f0a e3633e2 e90628f ffa8547 105e79a4 11232362 11591f62 13258e4b 1413c3c2 14fd78ea 1542326a 1614dbc6 16411211 168cb0bf 17081e9b 1851ffcb 18b319ed 18b3b45e 1a02b267 1b3e83aa 1c4ba0de 1c7e5b94 1cd4162d 1e119b3d 1e33f18e 1eceedd3 1eeb7512 1f23dce5
29,383,2.389378,0,0,
29,384,2.374399,0,0,
29,385,2.393852,0,0,
29,386,2.376330,0,0,
29,387,2.383875,0,0,
29,388,2.394367,0,0,
29,389,2.384573,0,0,
29,390,2.391545,0,0,
29,391,2.392379,0,0,
29,392,2.383409,0,0,
29,393,2.389061,0,0,
29,394,2.397110,0,0,
29,395,2.376827,0,0,
29,396,2.394557,0,0,
29,397,2.396613,0,0,
29,398,2.386246,0,0,
29,399,2.392129,0,0,
29,400,2.397896,0,0,
29,401,2.382008,0,0,
29,402,2.387669,0,0,
29,403,2.384085,0,0,
29,404,2.380095,0,0,
29,405,2.389828,0,0,
29,406,2.395928,0,0,
29,407,2.382963,0,0,
29,408,2.388300,0,0,
29,409,2.387938,0,0,
29,410,2.399319,0,0,
29,411,2.380081,0,0,
29,412,2.390024,0,0,
29,413,2.390724,0,0,
29,414,2.400928,0,0,
29,415,2.381106,0,0,
29,416,2.390214,0,0,
29,417,2.380181,0,0,
29,418,2.390073,0,0,
29,419,2.380427,0,0,
29,420,2.384391,0,0,
29,421,2.390998,0,0,
29,422,2.386481,0,0,
29,423,2.375095,0,0,
29,424,2.382007,0,0,
29,425,2.393045,0,0,
29,426,2.386417,0,0,
29,427,2.377172,0,0,
29,428,2.385007,0,0,
29,429,2.385814,0,0,
29,430,2.388086,0,0,
29,431,2.392029,0,0,
29,432,2.383537,0,0,
29,433,2.384278,0,0,
29,434,2.390531,0,0,
29,435,2.393555,0,0,
29,436,2.380147,0,0,
29,437,2.395335,0,0,
29,438,2.378138,0,0,
29,439,2.384783,0,0,
29,440,2.382959,0,0,
29,441,2.435164,1,0,567cb4 bbda07 198d48d 1a7cc8e 2ee0540 3ac483d 3d3e24e 5228d92 5c90f2a 5d123c1 6853a2c 75257ad 78967f8 873a5c7 b4b1a98 b790f1f b8de22d c1ff4c9 cdeb9ad d36bd38 e25c70a f5869e6 10bba6f8 10d66cd3 11051d6d 121a1634 1238aa81 125bf03e 128f75e1 12b584d9 13de39c6 15d095f5 1743f637 186bfb89 18898f4f 19108a43 193ef5a2 1a54f6aa 1a72ebaa 1c10bf21 1e659576 1f9c4f41
29,442,2.398306,0,0,
29,443,2.383476,0,0,
29,444,2.393081,0,0,
29,445,2.390674,0,0,
29,446,2.381950,0,0,
29,447,2.390486,0,0,
29,448,2.388250,0,0,
29,449,2.389425,0,0,
29,450,2.393740,0,0,
29,451,2.383812,0,0,
29,452,2.390289,0,0,
29,453,2.386896,0,0,
29,454,2.393353,0,0,
29,455,2.375449,0,0,
29,456,2.404305,0,0,
29,457,2.377091,0,0,
29,458,2.383589,0,0,
29,459,2.390660,0,0,
29,460,2.383809,0,0,
29,461,2.376281,0,0,
29,462,2.399323,0,0,
29,463,2.397687,0,0,
29,464,2.390259,0,0,
29,465,2.388635,0,0,
29,466,2.392741,0,0,
29,467,2.422317,1,0,48037d 8cc24e 9708bb e7c47f 13e3ae8 1a63627 2f5142b 4fd8a34 5b81b8a 67bb3f6 79a2c44 7b717bf 89beb8a 8b61669 a7d49f9 c0ee79c c3a2f2f d4231f3 df335bb fb9ec39 11b2bac5 1239a0ed 12e90e23 13024e6f 17c7b01d 18c79536 19c8a54d 19cf8a29 19e43521 19e63dc9 1a385619 1b105dc8 1b18e357 1ba1e9db 1c9e36dd 1d011e99 1d5f8b28 1e40fc51 1edee997 1f05fe83 1f1cc1f7 1f51a63d
29,468,2.380055,0,0,
29,469,2.380886,0,0,
29,470,2.397714,0,0,
29,471,2.368359,0,0,
29,472,2.397620,0,0,
29,473,2.384716,0,0,
29,474,2.380964,0,0,
29,475,2.404251,0,0,
29,476,2.398018,0,0,
29,477,2.392420,0,0,
29,478,2.390959,0,0,
29,479,2.399049,0,0,
29,480,2.386816,0,0,
29,481,2.402674,0,0,
29,482,2.390623,0,0,
29,483,2.396265,0,0,
29,484,2.399028,0,0,
29,485,2.380288,0,0,
29,486,2.388411,0,0,
29,487,2.399210,0,0,
29,488,2.384793,0,0,
29,489,2.391218,0,0,
29,490,2.388061,0,0,
29,491,2.393571,0,0,
29,492,2.400539,0,0,
29,493,2.387896,0,0,
29,494,2.419628,0,0,
29,495,2.393135,0,0,
29,496,2.381750,0,0,
29,497,2.389764,0,0,
29,498,2.384516,0,0,
29,499,2.388303,0,0,
29,500,2.398192,0,0,
29,501,2.384692,0,0,
29,502,2.405284,0,0,
29,503,2.384729,0,0,
29,504,2.386136,0,0,
29,505,2.382520,0,0,
29,506,2.386421,0,0,
29,507,2.383162,0,0,
29,508,2.391218,0,0,
29,509,2.397333,0,0,
29,510,2.382698,0,0,
29,511,2.397153,0,0,
29,512,2.391522,0,0,
29,513,2.386932,0,0,
29,514,2.384850,0,0,
29,515,2.380906,0,0,
29,516,2.386007,0,0,
29,517,2.383777,0,0,
29,518,2.395000,0,0,
29,519,2.388997,0,0,
29,520,2.394971,0,0,
29,521,2.396846,0,0,
29,522,2.389276,0,0,
29,523,2.391830,0,0,
29,524,2.394546,0,0,
29,525,2.389672,0,0,
29,526,2.385037,0,0,
29,527,2.385392,0,0,
29,528,2.422565,1,0,a315b6 1053dff 131e5ac 1bffa54 23e1656 336eace 3cf69b1 3e06bc6 625b5ad 6542c52 79faeda 96a7e86 9f13f3e a3e23ee a846e72 aa0c13d ba17a3e dc0e7e9 e849f27 f1316ba f206964 f24685f 10c4c6cc 10d30cbb 123fa209 157b00ad 1605c8e9 18a716aa 19153643 1924f328 1ac3c713 1b986df2 1babf22e 1be8f62f 1c7a02cf 1cbfa016 1da33ada 1daa38ab 1e421681 1e5072c3 1f4d7056 1fe9851c
29,529,2.389299,0,0,
29,530,2.388274,0,0,
29,531,2.395931,0,0,
29,532,2.396703,0,0,
29,533,2.381729,0,0,
29,534,2.395019,0,0,
29,535,2.380795,0,0,
29,536,2.380062,0,0,
29,537,2.388705,0,0,
29,538,2.382449,0,0,
29,539,2.388633,0,0,
29,540,2.394903,0,0,
29,541,2.389106,0,0,
29,542,2.386648,0,0,
29,543,2.376750,0,0,
29,544,2.376925,0,0,
29,545,2.382916,0,0,
29,546,2.374306,0,0,
29,547,2.384792,0,0,
29,548,2.391678,0,0,
29,549,2.374013,0,0,
29,550,2.393487,0,0,
29,551,2.390777,0,0,
29,552,2.386373,0,0,
29,553,2.395842,0,0,
29,554,2.394211,0,0,
29,555,2.405367,0,0,
29,556,2.380077,0,0,
29,557,2.386248,0,0,
29,558,2.364241,0,0,
29,559,2.393718,0,0,
29,560,2.382905,0,0,
29,561,2.389888,0,0,
29,562,2.382918,0,0,
29,563,2.386417,0,0,
29,564,2.409349,0,0,
29,565,2.387695,0,0,
29,566,2.379535,0,0,
29,567,2.407022,0,0,
29,568,2.384490,0,0,
29,569,2.381279,0,0,
29,570,2.408012,0,0,
29,571,2.394951,0,0,
29,572,2.389900,0,0,
29,573,2.382119,0,0,
29,574,2.382477,0,0,
29,575,2.404936,0,0,
29,576,2.380656,0,0,
29,577,2.406042,0,0,
29,578,2.382783,0,0,
29,579,2.397156,0,0,
29,580,2.383793,0,0,
29,581,2.395352,0,0,
29,582,2.384734,0,0,
29,583,2.385075,0,0,
29,584,2.394685,0,0,
29,585,2.382040,0,0,
29,586,2.382469,0,0,
29,587,2.384596,0,0,
29,588,2.389176,0,0,
29,589,2.392339,0,0,
29,590,2.400481,0,0,
29,591,2.397096,0,0,
29,592,2.395813,0,0,
29,593,2.395344,0,0,
29,594,2.383480,0,0,
29,595,2.383971,0,0,
29,596,2.397488,0,0,
29,597,2.379508,0,0,
29,598,2.399511,0,0,
29,599,2.395094,0,0,
29,600,2.395702,0,0,
29,601,2.391680,0,0,
29,602,2.394957,0,0,
29,603,2.397355,0,0,
29,604,2.388538,0,0,
29,605,2.378520,0,0,
29,606,2.390115,0,0,
29,607,2.386900,0,0,
29,608,2.396845,0,0,
29,609,2.387699,0,0,
29,610,2.386278,0,0,
29,611,2.382585,0,0,
29,612,2.389867,0,0,
29,613,2.378135,0,0,
29,614,2.385865,0,0,
29,615,2.385175,0,0,
29,616,2.393741,0,0,
29,617,2.397624,0,0,
29,618,2.385357,0,0,
29,619,2.384603,0,0,
29,620,2.383047,0,0,
29,621,2.378923,0,0,
29,622,2.379969,0,0,
29,623,2.406709,0,0,
29,624,2.402032,0,0,
29,625,2.400314,0,0,
29,626,2.406217,0,0,
29,627,2.389959,0,0,
29,628,2.385771,0,0,
29,629,2.399469,0,0,
29,630,2.384535,0,0,
29,631,2.390898,0,0,
29,632,2.392444,0,0,
29,633,2.381794,0,0,
29,634,2.395933,0,0,
29,635,2.432582,1,0,c73ceb d01bea 1db81ff 28f88c7 34da389 3738851 588dc85 682543d 685c1b1 70eeb4e 74023ba 8370e00 89a2a2f 8b316fa 9d93a2d a8f98be c88e0f0 cd9d53d d1e982f d5ffc21 dcd94b1 eb7ba15 eba7f3f ed98327 101f821e 114236bc 11cd4331 12da7ad4 146422be 152dd6fe 15aca7e9 166e9947 16b39d42 178ab82a 17f16c94 17fdd215 1a088d6c 1b8a51cc 1d585f79 1d8df97e 1ef90209 1f702a04
29,636,2.391635,0,0,
29,637,2.404440,0,0,
29,638,2.400746,0,0,
29,639,2.379725,0,0,
29,640,2.392465,0,0,
29,641,2.389542,0,0,
29,642,2.397406,0,0,
29,643,2.407407,0,0,
29,644,2.397114,0,0,
29,645,2.402581,0,0,
29,646,2.386541,0,0,
29,647,2.374615,0,0,
29,648,2.380452,0,0,
29,649,2.391313,0,0,
29,650,2.394567,0,0,
29,651,2.391969,0,0,
29,652,2.381077,0,0,
29,653,2.396201,0,0,
29,654,2.396103,0,0,
29,655,2.373900,0,0,
29,656,2.394572,0,0,
29,657,2.388149,0,0,
29,658,2.470088,1,0,591ae7 98706a 2540c73 38d4be7 5f5fdeb 6d4fb90 7c34d35 7e1e32b 810b01b 93e3590 9ad0db1 9ece0c4 bb769ea ce2e0eb d265bc0 d873bbe d9f8c28 efb4674 fe3932f 1033589b 103d4509 1042eb51 10ad4afb 1189465a 11e9203a 11ff9e3a 12468920 128c7645 134f186c 14f27008 15182f59 1701ee24 1912a086 1999507a 19a8caf3 1a1bc39a 1b6de21f 1bc35754 1bd0f28b 1cf221d9 1df69c70 1e318f85
29,659,2.393103,0,0,
29,660,2.368696,0,0,
29,661,2.390546,0,0,
29,662,2.386747,0,0,
29,663,2.382776,0,0,
29,664,2.379018,0,0,
29,665,2.393734,0,0,
29,666,2.414225,0,0,
29,667,2.395225,0,0,
29,668,2.399031,0,0,
29,669,2.383896,0,0,
29,670,2.382920,0,0,
29,671,2.385562,0,0,
29,672,2.393265,0,0,
29,673,2.387420,0,0,
29,674,2.381149,0,0,
29,675,2.379788,0,0,
29,676,2.407220,0,0,
29,677,2.397722,0,0,
29,678,2.387587,0,0,
29,679,2.395129,0,0,
29,680,2.400540,0,0,
29,681,2.387228,0,0,
29,682,2.394539,0,0,
29,683,2.383441,0,0,
29,684,2.382221,0,0,
29,685,2.390147,0,0,
29,686,2.386321,0,0,
29,687,2.393328,0,0,
29,688,2.394210,0,0,
29,689,2.397907,0,0,
29,690,2.396879,0,0,
29,691,2.381778,0,0,
29,692,2.384733,0,0,
29,693,2.392810,0,0,
29,694,2.376135,0,0,
29,695,2.391381,0,0,
29,696,2.395890,0,0,
29,697,2.392267,0,0,
29,698,2.395573,0,0,
29,699,2.389187,0,0,
29,700,2.395931,0,0,
29,701,2.369830,0,0,
29,702,2.389956,0,0,
29,703,2.383375,0,0,
29,704,2.389232,0,0,
29,705,2.394439,0,0,
29,706,2.433107,1,0,4fa455 720a1e 84b7ea 10e8af4 2b6bd6b 2e11500 3893b62 4422e49 4751f93 56b1b37 661163a 77ce7a0 7ea10df 7eeb049 904deb8 a186d6a b5ca24e b911702 c3f7d4f c98d22c d168024 fffd95d 101a3323 107aaebb 111c9644 12454769 127e2529 12d68b2e 1434846f 1570e1d4 160d334c 1615b26a 166341ed 16922491 17165f49 177265a2 17d0b96e 18864ccb 1a0370b7 1a3505be 1d930a88 1da4b0f0
29,707,2.389475,0,0,
29,708,2.389157,0,0,
29,709,2.393072,0,0,
29,710,2.396507,0,0,
29,711,2.396734,0,0,
29,712,2.382916,0,0,
29,713,2.392986,0,0,
29,714,2.393620,0,0,
29,715,2.388340,0,0,
29,716,2.387436,0,0,
29,717,2.397792,0,0,
29,718,2.389002,0,0,
29,719,2.392776,0,0,
29,720,2.399724,0,0,
29,721,2.385591,0,0,
29,722,2.403146,0,0,
29,723,2.390804,0,0,
29,724,2.392927,0,0,
29,725,2.381008,0,0,
29,726,2.397025,0,0,
29,727,2.404746,0,0,
29,728,2.394869,0,0,
29,729,2.384585,0,0,
29,730,2.393078,0,0,
29,731,2.389309,0,0,
29,732,2.378384,0,0,
29,733,2.386525,0,0,
29,734,2.394149,0,0,
29,735,2.378460,0,0,
29,736,2.390890,0,0,
29,737,2.374053,0,0,
29,738,2.383944,0,0,
29,739,2.385570,0,0,
29,740,2.406319,0,0,
29,741,2.387477,0,0,
29,742,2.406748,0,0,
29,743,2.401053,0,0,
29,744,2.395785,0,0,
29,745,2.400769,0,0,
29,746,2.379654,0,0,
29,747,2.388459,0,0,
29,748,2.420075,1,0,627326 307685c 3978188 3d1624b 478ac5f 4d76834 4eb846c 66e4490 68fe0b4 6a2d4be 8613059 8dd4431 9dcb163 a8b6825 a9b2af0 ae80728 af53e9e bb3d2ce bda64d9 cc3b8dd d1b7f4c d75bf9d e25aa51 10e774ed 125cab74 13aa8374 14ac02d0 14b66812 15ae53c1 16cdc915 1740f944 175f0eb8 17ebd529 17fbd694 18915f44 1907d023 1a284b1b 1b10bdb1 1b2bc2c5 1d54415f 1ecd1fe6 1f9a5ec2
29,749,2.392688,0,0,
29,750,2.377948,0,0,
29,751,2.380298,0,0,
29,752,2.395419,0,0,
29,753,2.396530,0,0,
29,754,2.387008,0,0,
29,755,2.393885,0,0,
29,756,2.381449,0,0,
29,757,2.385325,0,0,
29,758,2.403672,0,0,
29,759,2.387615,0,0,
29,760,2.391657,0,0,
29,761,2.392375,0,0,
29,762,2.376232,0,0,
29,763,2.387530,0,0,
29,764,2.389184,0,0,
29,765,2.380467,0,0,
29,766,2.390964,0,0,
29,767,2.394569,0,0,
29,768,2.377386,0,0,
29,769,2.388415,0,0,
29,770,2.394075,0,0,
29,771,2.380456,0,0,
29,772,2.394999,0,0,
29,773,2.377344,0,0,
29,774,2.405889,0,0,
29,775,2.372983,0,0,
29,776,2.379206,0,0,
29,777,2.395531,0,0,
29,778,2.414025,0,0,
29,779,2.394861,0,0,
29,780,2.389778,0,0,
29,781,2.397531,0,0,
29,782,2.383649,0,0,
29,783,2.401268,0,0,
29,784,2.400972,0,0,
29,785,2.393043,0,0,
29,786,2.400560,0,0,
29,787,2.386558,0,0,
29,788,2.383354,0,0,
29,789,2.386706,0,0,
29,790,2.438103,1,0,aaf633 16f18b5 184be1b 19b59f7 1aa13c3 2b34d38 40c44b7 455cff4 489c0e6 507ef44 53ed607 6110726 6ffa876 70897e6 71da4b5 8146eaa 8801e7e a4614f5 bb3381a be1e662 d1e2b98 d7a1d53 d820e38 e0d6566 e420387 e7c321b e91cc3f f3f609b 10a70b21 1190a2d9 12b98cab 15586a40 16c8c31b 172b6a9e 17c8fb39 1b4e36bb 1c8ffc46 1cb480ae 1ec5303a 1edb893a 1f03f96a 1f0734ab
29,791,2.393517,0,0,
29,792,2.388739,0,0,
29,793,2.389917,0,0,
29,794,2.393065,0,0,
29,795,2.370964,0,0,
29,796,2.406448,0,0,
29,797,2.395008,0,0,
29,798,2.380660,0,0,
29,799,2.386583,0,0,
29,800,2.393555,0,0,
29,801,2.404108,0,0,
29,802,2.389427,0,0,
29,803,2.386579,0,0,
29,804,2.393566,0,0,
29,805,2.388679,0,0,
29,806,2.379186,0,0,
29,807,2.382560,0,0,
29,808,2.395308,0,0,
29,809,2.384881,0,0,
29,810,2.371097,0,0,
29,811,2.377603,0,0,
29,812,2.384616,0,0,
29,813,2.388966,0,0,
29,814,2.392882,0,0,
29,815,2.385651,0,0,
29,816,2.392459,0,0,
29,817,2.383218,0,0,
29,818,2.388232,0,0,
29,819,2.382608,0,0,
29,820,2.395000,0,0,
29,821,2.395665,0,0,
29,822,2.390270,0,0,
29,823,2.389165,0,0,
29,824,2.403726,0,0,
29,825,2.382494,0,0,
29,826,2.394472,0,0,
29,827,2.392474,0,0,
29,828,2.382769,0,0,
29,829,2.401988,0,0,
29,830,2.389678,0,0,
29,831,2.386581,0,0,
29,832,2.397507,0,0,
29,833,2.387591,0,0,
29,834,2.440168,1,0,296813f 4bdd927 5f63459 89c049e 8a23985 8efdbfa 926f0ec 9a19c41 9f88887 b801630 b9feda3 bedb649 d20567b e93d240 ec4a08c f6d196e 1035c55a 10a347a0 10e31759 114fe22c 11a80ec8 13459a3c 142d3cf8 1479acf9 15127607 163d93d3 18ad0df9 191c056e 1994a547 1b7d0968 1c57999a 1c94be0f 1d365b92 1d9bf7a0 1da404f1 1e733027 1ec47b82 1effa793 1f3accc0 1f42666e 1f6a47ca 1fe8cd6c
29,835,2.389818,0,0,
29,836,2.399351,0,0,
29,837,2.403113,0,0,
29,838,2.393323,0,0,
29,839,2.379973,0,0,
29,840,2.396123,0,0,
29,841,2.407099,0,0,
29,842,2.403778,0,0,
29,843,2.385353,0,0,
29,844,2.391965,0,0,
29,845,2.388172,0,0,
29,846,2.376909,0,0,
29,847,2.382443,0,0,
29,848,2.388418,0,0,
29,849,2.388878,0,0,
29,850,2.389837,0,0,
29,851,2.398568,0,0,
29,852,2.391754,0,0,
29,853,2.390833,0,0,
29,854,2.388987,0,0,
29,855,2.391966,0,0,
29,856,2.384698,0,0,
29,857,2.388652,0,0,
29,858,2.391669,0,0,
29,859,2.397859,0,0,
29,860,2.373340,0,0,
29,861,2.397029,0,0,
29,862,2.384889,0,0,
29,863,2.382712,0,0,
29,864,2.389936,0,0,
29,865,2.387822,0,0,
29,866,2.392110,0,0,
29,867,2.382885,0,0,
29,868,2.378265,0,0,
29,869,2.386387,0,0,
29,870,2.389266,0,0,
29,871,2.398775,0,0,
29,872,2.387088,0,0,
29,873,2.385373,0,0,
29,874,2.384358,0,0,
29,875,2.394386,0,0,
29,876,2.402376,0,0,
29,877,2.390176,0,0,
29,878,2.383820,0,0,
29,879,2.398969,0,0,
29,880,2.390258,0,0,
29,881,2.396942,0,0,
29,882,2.405660,1,0,1f11f0 f38dc9 1e1b493 1fc8abf 263bb78 273b926 300c064 35ce007 4589412 4c636b0 5458a61 5868cb8 5bafa04 7ce8d50 7fc3d8a 85e0214 8a93982 8b79d69 99a531f a39923c ab15fd6 b81a658 c666941 d9c53de d9e2843 f55a3c6 f5af375 ff91db7 11534a36 12051c25 1243ab6c 140c6141 14bb50b7 1611609e 16d112a7 16dfb50e 19306809 19714822 1afe1706 1b6eac26 1ccef2a2 1d1164b4
29,883,2.398392,0,0,
29,884,2.394493,0,0,
29,885,2.390006,0,0,
29,886,2.389736,0,0,
29,887,2.377863,0,0,
29,888,2.384939,0,0,
29,889,2.395867,0,0,
29,890,2.379886,0,0,
29,891,2.398746,0,0,
29,892,2.390402,0,0,
29,893,2.398473,0,0,
29,894,2.391041,0,0,
29,895,2.393653,0,0,
29,896,2.393129,0,0,
29,897,2.395973,0,0,
29,898,2.385458,0,0,
29,899,2.393200,0,0,
29,900,2.388123,0,0,
29,901,2.399810,0,0,
29,902,2.388010,0,0,
29,903,2.396121,0,0,
29,904,2.392031,0,0,
29,905,2.379413,0,0,
29,906,2.395296,0,0,
29,907,2.394917,0,0,
29,908,2.384588,0,0,
29,909,2.386533,0,0,
29,910,2.376265,0,0,
29,911,2.437974,1,0,12911c 17c291e 25bf9be 27ef734 3d340a9 4f1ac8c 62cb4fa 67a0b95 67cf7e3 762ac5c 7dd9cd5 891cd09 930844e a0e0e33 a2d5446 b4bc497 b5b9ee3 d722012 de80b81 e79ad29 edfe7c7 f74d44a 11a4a3ab 12326ff0 1341f3ce 138ad85c 13eb113d 1562027f 1656a815 1665e6d1 1698fb5c 179e2a36 17f952e2 18d05b74 191750ef 19ac441b 1a1b5f1c 1a316ccb 1be805b9 1c15f400 1d22f242 1f9eb280
29,912,2.393409,0,0,
29,913,2.393671,0,0,
29,914,2.380715,0,0,
29,915,2.374993,0,0,
29,916,2.394049,0,0,
29,917,2.381738,0,0,
29,918,2.389781,0,0,
29,919,2.382262,0,0,
29,920,2.396480,0,0,
29,921,2.398236,0,0,
29,922,2.390448,0,0,
29,923,2.380773,0,0,
29,924,2.387310,0,0,
29,925,2.395615,0,0,
29,926,2.381275,0,0,
29,927,2.399051,0,0,
29,928,2.384800,0,0,
29,929,2.383623,0,0,
29,930,2.385657,0,0,
29,931,2.409709,0,0,
29,932,2.391828,0,0,
29,933,2.382379,0,0,
29,934,2.389367,0,0,
29,935,2.386108,0,0,
29,936,2.391114,0,0,
29,937,2.400564,0,0,
29,938,2.392753,0,0,
29,939,2.394356,0,0,
29,940,2.378202,0,0,
29,941,2.400314,0,0,
29,942,2.396289,0,0,
29,943,2.382001,0,0,
29,944,2.385023,0,0,
29,945,2.389784,0,0,
29,946,2.370782,0,0,
29,947,2.390363,0,0,
29,948,2.385007,0,0,
29,949,2.392355,0,0,
29,950,2.387860,0,0,
29,951,2.394679,0,0,
29,952,2.430749,1,0,1334cb 6ef3f6 df4192 f1236e 2752ec7 280d302 2d7e042 2dea530 3897586 3c3c7da 3ce5dc6 3d6da17 592bc72 7908193 7d42303 8037f37 8afef65 8de1090 968c712 d659852 d9b9dfa dd77f52 f2c4b79 f3d2c29 fd9eb06 101e1b87 11f68f20 14252779 14509889 15116a44 15488e1f 15d1c328 1892a09c 19073a3b 1a604f84 1a9a89ed 1b89b81b 1bf739d8 1ce9f81d 1e4ef958 1f369ac7 1f8b6d74
29,953,2.403942,0,0,
29,954,2.381552,0,0,
29,955,2.391075,0,0,
29,956,2.392226,0,0,
29,957,2.388661,0,0,
29,958,2.394421,0,0,
29,959,2.391683,0,0,
29,960,2.387149,0,0,
29,961,2.381099,0,0,
29,962,2.388783,0,0,
29,963,2.390632,0,0,
29,964,2.397204,0,0,
29,965,2.382064,0,0,
29,966,2.388094,0,0,
29,967,2.390083,0,0,
29,968,2.382463,0,0,
29,969,2.388197,0,0,
29,970,2.386707,0,0,
29,971,2.398501,0,0,
29,972,2.395106,0,0,
29,973,2.392361,0,0,
29,974,2.432591,1,0,13af69c 2b85252 2cdec7a 3c4a762 4192520 4779126 4bd7c20 4ddd7f8 5ed0db2 7ace7ee 7bf77fd 85d9d7a 9a85e60 9aa0a8c ac08702 b0f443a b26ff30 b349a32 b95fa47 c95789e cdb9c4e dd45d5d e619dde f3d1ec7 12e75fe1 143cd1d5 15406ad1 158d4884 16857246 16cf2305 170cc95f 1715713b 178b2c36 18060cbc 1a3c762f 1accd07d 1bb5eaa1 1c663662 1cc7c065 1cf9cf08 1e1c41a8 1e710db3
29,975,2.428482,1,0,4367a3 f7cd4f 13e88e8 3ab7a82 425d246 449a17a 52175be 5718d7c 725a292 7ee371a 850bb4f 896c958 8c26dbb 8f586c0 a4674df a9c8a9c e60aa11 e709619 fb2bcf8 101c4995 11089aa3 12118a26 12f359c7 13049f76 13968e17 13e66400 13fe7e3c 1415b75a 14843378 1644f860 16d61fa6 1775f328 1779ca7f 1a3c4243 1b23018a 1c9b0826 1e121283 1e418592 1ec9e39f 1ee04abd 1f2329a5 1f87bb9b
29,976,2.385153,0,0,
29,977,2.394808,0,0,
29,978,2.393948,0,0,
29,979,2.382897,0,0,
29,980,2.390819,0,0,
29,981,2.396350,0,0,
29,982,2.411518,0,0,
29,983,2.394395,0,0,
29,984,2.387279,0,0,
29,985,2.377842,0,0,
29,986,2.399797,0,0,
29,987,2.399415,0,0,
29,988,2.389274,0,0,
29,989,2.391449,0,0,
29,990,2.395975,0,0,
29,991,2.389261,0,0,
29,992,2.402342,0,0,
29,993,2.395951,0,0,
29,994,2.400056,0,0,
29,995,2.388857,0,0,
29,996,2.389583,0,0,
29,997,2.381740,0,0,
29,998,2.380011,0,0,
29,999,2.406884,0,0,
29,1000,2.377154,0,0,
29,1001,2.392880,0,0,
29,1002,2.385809,0,0,
29,1003,2.384138,0,0,
29,1004,2.410180,0,0,
29,1005,2.391615,0,0,
29,1006,2.394135,0,0,
29,1007,2.378561,0,0,
29,1008,2.393325,0,0,
29,1009,2.393281,0,0,
29,1010,2.375227,0,0,
29,1011,2.387690,0,0,
29,1012,2.402218,0,0,
29,1013,2.397472,0,0,
29,1014,2.394073,0,0,
29,1015,2.390120,0,0,
29,1016,2.391875,0,0,
29,1017,2.388066,0,0,
29,1018,2.456924,1,0,182a40 105a0c6 1753327 1e16d60 2fe0df1 3414e2f 5352812 767439a 82dbfd7 8edb0c7 aef47ab b3a2ac6 baa0916 c26eecd c65ba56 c6dfccb dd14d1d dead0a1 dfa90f9 e5ed32b ebc9617 f0aba21 11778001 11e26598 1401df76 14d6b9d5 15a928a6 164398bd 16478514 167bed0a 1743caee 19d7e49d 1a2b0438 1b8d3dc3 1c320205 1c3bb620 1dad47f7 1dd6178e 1e64ff26 1ed89c41 1f2a8026 1fa19bbc
29,1019,2.387213,0,0,
29,1020,2.396734,0,0,
29,1021,2.389768,0,0,
29,1022,2.391396,0,0,
29,1023,2.387919,0,0,
29,1024,2.375388,0,0,
29,1025,2.395482,0,0,
29,1026,2.385875,0,0,
29,1027,2.399057,0,0,
29,1028,2.392490,0,0,
29,1029,2.402793,0,0,
29,1030,2.377528,0,0,
29,1031,2.387968,0,0,
29,1032,2.388457,0,0,
29,1033,2.394737,0,0,
29,1034,2.393641,0,0,
29,1035,2.395402,0,0,
29,1036,2.391370,0,0,
29,1037,2.400145,0,0,
29,1038,2.385287,0,0,
29,1039,2.397705,0,0,
29,1040,2.392765,0,0,
29,1041,2.400881,0,0,
29,1042,2.391172,0,0,
29,1043,2.384611,0,0,
29,1044,2.388535,0,0,
29,1045,2.389996,0,0,
29,1046,2.386514,0,0,
29,1047,2.392022,0,0,
29,1048,2.393281,0,0,
29,1049,2.378616,0,0,
29,1050,2.398408,0,0,
29,1051,2.380437,0,0,
29,1052,2.394730,0,0,
29,1053,2.397821,0,0,
29,1054,2.393927,0,0,
29,1055,2.419405,1,0,54c29a 799fc0 2bb1033 31528b6 350c328 8a0fd13 94be085 a004276 a109221 b4c8ff0 ca3d19b ca767b2 d48e6ac d65737c e015c22 e457f51 f03e4bd fd701f3 10c5b320 10e6931d 110c5e69 111a1918 12728220 12c6b0e5 1485b910 14b6584e 14ce0e8e 159879e1 16e2bf88 178bf5c6 17b34a8f 17c3f045 1875ae47 1a3c62e8 1af1dbff 1c774046 1d5c593f 1da943d1 1eb75729 1f42969b 1f57a3d5 1f940569
29,1056,2.393376,0,0,
29,1057,2.390875,0,0,
29,1058,2.377859,0,0,
29,1059,2.384286,0,0,
29,1060,2.383717,0,0,
29,1061,2.387353,0,0,
29,1062,2.384334,0,0,
29,1063,2.388812,0,0,
29,1064,2.376828,0,0,
29,1065,2.392302,0,0,
29,1066,2.373749,0,0,
29,1067,2.379585,0,0,
29,1068,2.368179,0,0,
29,1069,2.389219,0,0,
29,1070,2.378592,0,0,
29,1071,2.381564,0,0,
29,1072,2.379980,0,0,
29,1073,2.394954,0,0,
29,1074,2.374476,0,0,
29,1075,2.393355,0,0,
29,1076,2.393126,0,0,
29,1077,2.399112,0,0,
29,1078,2.386175,0,0,
29,1079,2.393472,0,0,
29,1080,2.399375,0,0,
29,1081,2.377716,0,0,
29,1082,2.421203,1,0,8a923c eeb2b7 127e6b9 1657f0d 16a2d1f 1870bc5 19bac9f 28f87e4 370aeca 380be81 54e1848 70424d6 8788804 a95b196 b446dc0 c24992e c6de36b c9fc6c6 cd04eaa d3f11c5 ea0dfe5 f9dcc29 1050cd63 10d06bba 117f82db 118b3d0b 13eb5b5d 1421494b 14f4a6e3 16535c74 168d4eac 172a4cab 172cd6fc 19089307 1b0d4e99 1b19d5ee 1c7238ea 1c985f5d 1cd27681 1cf5a8b2 1e9df055 1feedf9f
29,1083,2.395180,0,0,
29,1084,2.379875,0,0,
29,1085,2.395165,0,0,
29,1086,2.401234,0,0,
29,1087,2.388925,0,0,
29,1088,2.388540,0,0,
29,1089,2.370773,0,0,
29,1090,2.392107,0,0,
29,1091,2.384990,0,0,
29,1092,2.387768,0,0,
29,1093,2.393632,0,0,
29,1094,2.397578,0,0,
29,1095,2.428811,1,0,ad4b2a 12c5893 1a3da70 1f8bf30 2108530 2448ea0 2af8f31 43cfa6d 52ea69f 7e012af 9db5685 b1a7a52 b26cc8f b329a51 d750f10 e3881c7 e760630 e9821d4 ef3a541 f4fdaa7 f82efb8 fb7f8b9 fd2af9f fe04eb1 10611b1b 114bbb21 11b066e4 128bff8e 13612ebc 13c2c697 144f15dd 14863f60 1569dc4e 15c7174f 174e0b4a 1752e59d 184678f1 18dc4049 19cdb23a 1bc89fa9 1dcc87f3 1f932bf4
29,1096,2.394790,0,0,
29,1097,2.394614,0,0,
29,1098,2.391492,0,0,
29,1099,2.390810,0,0,
29,1100,2.401150,0,0,
29,1101,2.378509,0,0,
29,1102,2.402570,0,0,
29,1103,2.393298,0,0,
29,1104,2.380040,0,0,
29,1105,2.397316,0,0,
29,1106,2.389431,0,0,
29,1107,2.385573,0,0,
29,1108,2.382313,0,0,
29,1109,2.381436,0,0,
29,1110,2.405888,0,0,
29,1111,2.390704,0,0,
29,1112,2.396003,0,0,
29,1113,2.394399,0,0,
29,1114,2.385765,0,0,
29,1115,2.372764,0,0,
29,1116,2.388703,0,0,
29,1117,2.382058,0,0,
29,1118,2.385230,0,0,
29,1119,2.372746,0,0,
29,1120,2.397130,0,0,
29,1121,2.384467,0,0,
29,1122,2.395139,0,0,
29,1123,2.396712,0,0,
29,1124,2.379764,0,0,
29,1125,2.385747,0,0,
29,1126,2.381867,0,0,
29,1127,2.393461,0,0,
29,1128,2.407781,0,0,
29,1129,2.388570,0,0,
29,1130,2.394513,0,0,
29,1131,2.401689,0,0,
29,1132,2.398035,0,0,
29,1133,2.380280,0,0,
29,1134,2.392836,0,0,
29,1135,2.390333,0,0,
29,1136,2.394533,0,0,
29,1137,2.387529,0,0,
29,1138,2.399681,0,0,
29,1139,2.376199,0,0,
29,1140,2.393629,0,0,
29,1141,2.381093,0,0,
29,1142,2.392824,0,0,
29,1143,2.381896,0,0,
29,1144,2.390227,0,0,
29,1145,2.397733,0,0,
29,1146,2.386267,0,0,
29,1147,2.384074,0,0,
29,1148,2.380666,0,0,
29,1149,2.389717,0,0,
29,1150,2.399919,0,0,
29,1151,2.388341,0,0,
29,1152,2.378757,0,0,
29,1153,2.388879,0,0,
29,1154,2.391527,0,0,
29,1155,2.390487,0,0,
29,1156,2.401286,0,0,
29,1157,2.393438,0,0,
29,1158,2.388209,0,0,
29,1159,2.397931,0,0,
29,1160,2.387459,0,0,
29,1161,2.385513,0,0,
29,1162,2.378878,0,0,
29,1163,2.383174,0,0,
29,1164,2.385140,0,0,
29,1165,2.390719,0,0,
29,1166,2.376233,0,0,
29,1167,2.391134,0,0,
29,1168,2.391468,0,0,
29,1169,2.388018,0,0,
29,1170,2.377566,0,0,
29,1171,2.386333,0,0,
29,1172,2.390050,0,0,
29,1173,2.389317,0,0,
29,1174,2.392820,0,0,
29,1175,2.405158,0,0,
29,1176,2.390772,0,0,
29,1177,2.434183,1,0,827a6d 128673d 1ecb893 219d71a 399bf56 3e9d292 4c6f191 61189f4 6466870 6d3726c 9a39df5 b03a8a1 b756a54 bc7001a c1c3576 cb0140a d4befcf df099b4 df0ad9e e43e707 e57d99a fd848a0 12114e89 128174fc 1340e770 1383d7bb 13a32a83 14b247cc 1565d657 162184c6 166f8d6f 16895551 16abc69b 170ddc95 1743499e 1bc4e074 1c1f2399 1c54c3c5 1c8c3023 1d33b78b 1ec5b9aa 1f97161d
29,1178,2.426723,1,0,139cbaa 139d361 1ccaa1b 2f7ff8c 336a87a 3734c66 5250fce 7845f5f a09d288 a65271a abaac21 b6160c9 c6910ee c7f2d3e c9d87d8 d3cbcf9 d439650 e50933b e51ee23 f8f39f9 10a41eec 10cd6612 111c059a 11ee2cad 13d6987d 14325049 1517be1e 15627739 15e94505 160a6cf3 166ed411 171a8873 177fb5f6 1915b73b 191edb81 1955c8b7 1a1ee444 1c33c039 1dc923ef 1dcd9d78 1ec76ded 1f215206
29,1179,2.386208,0,0,
29,1180,2.389231,0,0,
29,1181,2.384557,0,0,
29,1182,2.391475,0,0,
29,1183,2.384172,0,0,
29,1184,2.378887,0,0,
29,1185,2.377080,0,0,
29,1186,2.389689,0,0,
29,1187,2.400514,0,0,
29,1188,2.396545,0,0,
29,1189,2.388576,0,0,
29,1190,2.388775,0,0,
29,1191,2.405928,0,0,
29,1192,2.379384,0,0,
29,1193,2.394235,0,0,
29,1194,2.391737,0,0,
29,1195,2.370058,0,0,
29,1196,2.371326,0,0,
29,1197,2.387690,0,0,
29,1198,2.396211,0,0,
29,1199,2.390771,0,0,
29,1200,2.383680,0,0,
29,1201,2.389026,0,0,
29,1202,2.401615,0,0,
29,1203,2.383513,0,0,
29,1204,2.399191,0,0,
29,1205,2.391666,0,0,
29,1206,2.386198,0,0,
29,1207,2.384947,0,0,
29,1208,2.404991,0,0,
29,1209,2.391646,0,0,
29,1210,2.388326,0,0,
29,1211,2.377486,0,0,
29,1212,2.388192,0,0,
29,1213,2.397195,0,0,
29,1214,2.398480,0,0,
29,1215,2.386025,0,0,
29,1216,2.373376,0,0,
29,1217,2.410937,0,0,
29,1218,2.378271,0,0,
29,1219,2.384702,0,0,
29,1220,2.392127,0,0,
29,1221,2.386744,0,0,
29,1222,2.381502,0,0,
29,1223,2.388826,0,0,
29,1224,2.386502,0,0,
29,1225,2.370623,0,0,
29,1226,2.385312,0,0,
29,1227,2.398288,0,0,
29,1228,2.384519,0,0,
29,1229,2.401472,0,0,
29,1230,2.386878,0,0,
29,1231,2.390260,0,0,
29,1232,2.404908,0,0,
29,1233,2.392202,0,0,
29,1234,2.371181,0,0,
29,1235,2.382376,0,0,
29,1236,2.384406,0,0,
29,1237,2.388904,0,0,
29,1238,2.419591,1,0,1879d21 19ae2c2 19c7a9a 1bbe256 2cbe357 310b14f 34d2d85 3e9d79d 3f9b721 4c2cff4 4eb31d1 6121fcf 671c5e5 6f740ee 791dda1 d99966c e63a93e f4810cd fa088af 1107e811 112127ad 1153f4a3 130e81e3 134f5ced 1449bdec 14de9572 158b165a 16413c6f 1642f378 16894534 1691e316 169c8dcb 171d02bc 17479af0 17c85844 1937b945 19419b6e 1e26e58d 1e8240eb 1eb44b84 1f2f7b40 1fdb7c1f
29,1239,2.376973,0,0,
29,1240,2.380699,0,0,
29,1241,2.387812,0,0,
29,1242,2.423004,1,0,b9d552 19f6d2d 28ac5f4 36fa6a8 3793383 3943328 4cca922 7989fc1 7b305b8 84ee343 98c61d8 a66190b ab10b1a b8cc9b2 ba2a460 c672104 cdf95e0 e2d1c07 e30ed4d ecd8471 f975743 11c55b1f 11cbab98 13725a63 13b32e4a 15881684 15950309 166c0beb 16ee1a2c 16f13038 18adf86c 19103be1 197daa84 19fa7856 1a9aaf2a 1bdf4c5c 1c63c6a3 1d2a356e 1da3f917 1da7aa08 1dea22c4 1e95e21d
29,1243,2.379367,0,0,
29,1244,2.389178,0,0,
29,1245,2.381556,0,0,
29,1246,2.394126,0,0,
29,1247,2.390077,0,0,
29,1248,2.389241,0,0,
29,1249,2.396267,0,0,
29,1250,2.394178,0,0,
29,1251,2.372119,0,0,
29,1252,2.393181,0,0,
29,1253,2.383725,0,0,
29,1254,2.391770,0,0,
29,1255,2.386366,0,0,
29,1256,2.386610,0,0,
29,1257,2.398084,0,0,
29,1258,2.389816,0,0,
29,1259,2.390735,0,0,
29,1260,2.393130,0,0,
29,1261,2.388698,0,0,
29,1262,2.396906,0,0,
29,1263,2.392801,0,0,
29,1264,2.388811,0,0,
29,1265,2.397360,0,0,
29,1266,2.405624,0,0,
29,1267,2.397632,0,0,
29,1268,2.390618,0,0,
29,1269,2.393544,0,0,
29,1270,2.389760,0,0,
29,1271,2.397602,0,0,
29,1272,2.397073,0,0,
29,1273,2.399404,0,0,
29,1274,2.384581,0,0,
29,1275,2.387482,0,0,
29,1276,2.370992,0,0,
29,1277,2.392440,0,0,
29,1278,2.384361,0,0,
29,1279,2.396051,0,0,
29,1280,2.395775,0,0,
29,1281,2.380572,0,0,
29,1282,2.386537,0,0,
29,1283,2.387320,0,0,
29,1284,2.436571,1,0,9b7437 d79b94 19e5565 257b691 284af87 2d493d1 3ba6b77 436142e 4607b5f 4987a06 4b26c0d 4ec6954 513ec71 5d3bbcb 651088b 6e3f2ab 7938d1f 7a2955c 8264f51 8685dcc 8755a96 8e5e273 8f2c1e6 9d06b42 aaa9c15 d3c7ee3 e3f7c5f f8e3d49 10713aa2 10965465 109f8e18 1125ca21 128c1477 139fab68 13a3a2b4 13e8e2a6 14b72060 152bc3ac 18486926 18c0fb44 19b583f0 1b3eefee
29,1285,2.408206,0,0,
29,1286,2.390298,0,0,
29,1287,2.391543,0,0,
29,1288,2.389253,0,0,
29,1289,2.385573,0,0,
29,1290,2.384815,0,0,
29,1291,2.402757,0,0,
29,1292,2.386389,0,0,
29,1293,2.394197,0,0,
29,1294,2.397573,0,0,
29,1295,2.379394,0,0,
29,1296,2.401272,0,0,
29,1297,2.408818,1,0,b1502e 1829ca9 2bcaebc 2bd57eb 5ae6bc1 61602b3 6a7afce 6f11703 7dc6741 87b4141 91b873d b48f907 b8fe54d c14eb4a c8da4f4 cae253f cc144d9 d885769 e49ef9f e5862f0 ee55d28 f676722 f7a27c9 fdc7d74 117e6aab 12830d2b 12d7bcc7 13d33998 1424ab7f 14c8ce73 15e5200b 1721b14c 18304ed9 18b99849 1a534cd0 1b4faacc 1b7e79ff 1c6cabe5 1cde37fc 1e2628f3 1f0f2557 1f5df428
29,1298,2.385083,0,0,
29,1299,2.436213,1,0,9c4039 c99229 e36684 31b85f8 3d68656 40230cc 421843c 44f5545 546eab5 5579308 58491dd 60e1ad8 6fcaecc 970ecaf a958816 c2e33de c4f9189 10e09b87 111bbfca 11ea3c2f 12024cf8 12783f7a 13a17c26 13e8532e 156520f2 15d6f3cb 15e1066e 15e29bf7 1604227e 16aea1f5 1820516e 1858bf82 1875531d 18abd952 1931c17b 19ca8b0c 1a17c7c3 1a9e7f41 1bc9aeff 1d67dcb4 1eab746f 1faf53bb
