edgebits,nonce,seconds,found,threads
23,0,0.365220,0,8
23,1,0.372912,0,8
23,2,0.382597,0,8
23,3,0.386353,0,8
23,4,0.385305,0,8
23,5,0.366458,0,8
23,6,0.366145,0,8
23,7,0.373220,0,8
23,8,0.365434,0,8
23,9,0.387225,0,8
23,10,0.381807,0,8
23,11,0.368441,0,8
23,12,0.364571,0,8
23,13,0.365027,0,8
23,14,0.385461,0,8
23,15,0.356969,0,8
23,16,0.366431,0,8
23,17,0.367030,0,8
23,18,0.379908,0,8
23,19,0.381910,0,8
23,20,0.389545,0,8
23,21,0.365276,0,8
23,22,0.367450,0,8
23,23,0.376257,0,8
23,24,0.363492,0,8
23,25,0.384800,0,8
23,26,0.372074,0,8
23,27,0.374542,0,8
23,28,0.374237,1,8
23,29,0.365133,0,8
23,30,0.365907,0,8
23,31,0.385316,0,8
23,32,0.389615,0,8
23,33,0.366738,0,8
23,34,0.355642,0,8
23,35,0.383027,0,8
23,36,0.356421,0,8
23,37,0.366798,0,8
23,38,0.365637,0,8
23,39,0.368098,0,8
23,40,0.369701,0,8
23,41,0.386515,0,8
23,42,0.360325,0,8
23,43,0.377460,0,8
23,44,0.374830,0,8
23,45,0.365570,0,8
23,46,0.384788,0,8
23,47,0.387919,0,8
23,48,0.367539,0,8
23,49,0.389485,0,8
23,50,0.375869,0,8
23,51,0.376468,0,8
23,52,0.378614,0,8
23,53,0.370586,0,8
23,54,0.371222,0,8
23,55,0.369522,0,8
23,56,0.366106,0,8
23,57,0.372200,0,8
23,58,0.391218,0,8
23,59,0.354411,0,8
23,60,0.361283,0,8
23,61,0.367132,0,8
23,62,0.365473,0,8
23,63,0.387686,0,8
23,64,0.365055,0,8
23,65,0.380431,0,8
23,66,0.384312,0,8
23,67,0.375278,0,8
23,68,0.389744,1,8
23,69,0.368634,0,8
23,70,0.363980,0,8
23,71,0.379054,0,8
23,72,0.359423,0,8
23,73,0.382199,0,8
23,74,0.367103,0,8
23,75,0.374904,0,8
23,76,0.384209,0,8
23,77,0.369480,0,8
23,78,0.367798,0,8
23,79,0.378889,0,8
23,80,0.357042,0,8
23,81,0.372440,0,8
23,82,0.380251,0,8
23,83,0.382599,0,8
23,84,0.380584,0,8
23,85,0.367160,0,8
23,86,0.367733,0,8
23,87,0.372567,0,8
23,88,0.371914,0,8
23,89,0.379710,0,8
23,90,0.370514,0,8
23,91,0.356439,0,8
23,92,0.369058,0,8
23,93,0.382190,0,8
23,94,0.403244,0,8
23,95,0.370587,0,8
23,96,0.376408,0,8
23,97,0.379757,0,8
23,98,0.366126,0,8
23,99,0.389707,0,8
23,100,0.377222,0,8
23,101,0.365615,0,8
23,102,0.368280,0,8
23,103,0.370085,0,8
23,104,0.391975,0,8
23,105,0.374092,0,8
23,106,0.377125,0,8
23,107,0.362217,0,8
23,108,0.366321,0,8
23,109,0.356543,0,8
23,110,0.365864,0,8
23,111,0.384979,0,8
23,112,0.357674,0,8
23,113,0.368442,1,8
23,114,0.365029,0,8
23,115,0.378805,0,8
23,116,0.360926,0,8
23,117,0.366980,0,8
23,118,0.372728,0,8
23,119,0.376670,0,8
23,120,0.370032,0,8
23,121,0.376823,0,8
23,122,0.357501,0,8
23,123,0.384589,0,8
23,124,0.369953,0,8
23,125,0.361254,0,8
23,126,0.377022,0,8
23,127,0.368541,0,8
23,128,0.368534,0,8
23,129,0.364963,0,8
23,130,0.367952,0,8
23,131,0.367983,0,8
23,132,0.373728,0,8
23,133,0.368308,0,8
23,134,0.381611,0,8
23,135,0.371032,0,8
23,136,0.367851,0,8
23,137,0.387466,0,8
23,138,0.369215,0,8
23,139,0.389264,0,8
23,140,0.368342,0,8
23,141,0.380331,0,8
23,142,0.379204,0,8
23,143,0.365870,0,8
23,144,0.364963,0,8
23,145,0.370657,0,8
23,146,0.365988,0,8
23,147,0.371629,0,8
23,148,0.401996,0,8
23,149,0.383041,0,8
23,150,0.370722,0,8
23,151,0.371460,0,8
23,152,0.360123,0,8
23,153,0.371471,0,8
23,154,0.356057,0,8
23,155,0.363303,0,8
23,156,0.373735,0,8
23,157,0.366821,0,8
23,158,0.368706,0,8
23,159,0.364247,0,8
23,160,0.374241,0,8
23,161,0.365964,0,8
23,162,0.369176,0,8
23,163,0.363893,0,8
23,164,0.386044,0,8
23,165,0.374066,0,8
23,166,0.372934,0,8
23,167,0.360023,0,8
23,168,0.374882,0,8
23,169,0.382609,0,8
23,170,0.367848,0,8
23,171,0.380668,0,8
23,172,0.371122,0,8
23,173,0.367064,0,8
23,174,0.363262,0,8
23,175,0.392759,0,8
23,176,0.369452,0,8
23,177,0.369430,0,8
23,178,0.386513,0,8
23,179,0.387523,0,8
23,180,0.368191,0,8
23,181,0.370242,0,8
23,182,0.365795,0,8
23,183,0.372369,0,8
23,184,0.374553,0,8
23,185,0.390148,0,8
23,186,0.388832,0,8
23,187,0.367567,0,8
23,188,0.372789,0,8
23,189,0.365790,0,8
23,190,0.385907,0,8
23,191,0.391987,0,8
23,192,0.384646,0,8
23,193,0.372375,0,8
23,194,0.368639,0,8
23,195,0.368361,0,8
23,196,0.372717,0,8
23,197,0.384881,0,8
23,198,0.377741,0,8
23,199,0.373795,0,8
23,200,0.376929,0,8
23,201,0.360716,0,8
23,202,0.385987,0,8
23,203,0.373309,0,8
23,204,0.362648,0,8
23,205,0.364608,0,8
23,206,0.372817,0,8
23,207,0.368055,0,8
23,208,0.364003,0,8
23,209,0.388643,0,8
23,210,0.381051,0,8
23,211,0.373760,0,8
23,212,0.378250,0,8
23,213,0.374011,0,8
23,214,0.366638,1,8
23,215,0.372017,0,8
23,216,0.389234,0,8
23,217,0.395540,0,8
23,218,0.368524,0,8
23,219,0.367191,0,8
23,220,0.369060,0,8
23,221,0.366304,0,8
23,222,0.368286,0,8
23,223,0.385211,0,8
23,224,0.379181,0,8
23,225,0.353241,0,8
23,226,0.362005,0,8
23,227,0.376078,0,8
23,228,0.387369,0,8
23,229,0.369294,0,8
23,230,0.371204,0,8
23,231,0.361505,0,8
23,232,0.372905,0,8
23,233,0.365986,0,8
23,234,0.364751,0,8
23,235,0.372662,0,8
23,236,0.374039,0,8
23,237,0.386136,0,8
23,238,0.352557,0,8
23,239,0.386469,0,8
23,240,0.370135,0,8
23,241,0.359123,0,8
23,242,0.376691,0,8
23,243,0.374248,0,8
23,244,0.363204,0,8
23,245,0.367443,0,8
23,246,0.363473,0,8
23,247,0.390665,0,8
23,248,0.364521,0,8
23,249,0.366401,0,8
23,250,0.385517,0,8
23,251,0.383731,0,8
23,252,0.374432,0,8
23,253,0.369889,0,8
23,254,0.387066,0,8
23,255,0.387292,0,8
23,256,0.358898,0,8
23,257,0.378064,0,8
23,258,0.370630,0,8
23,259,0.367964,0,8
23,260,0.379365,0,8
23,261,0.382998,0,8
23,262,0.368648,0,8
23,263,0.367518,0,8
23,264,0.355272,0,8
23,265,0.386030,0,8
23,266,0.368284,0,8
23,267,0.377471,0,8
23,268,0.377757,0,8
23,269,0.372406,0,8
23,270,0.364983,0,8
23,271,0.382530,0,8
23,272,0.376754,0,8
23,273,0.370156,0,8
23,274,0.374889,0,8
23,275,0.380900,0,8
23,276,0.353350,0,8
23,277,0.364361,0,8
23,278,0.387958,0,8
23,279,0.390340,0,8
23,280,0.359961,0,8
23,281,0.373836,1,8
23,282,0.380338,0,8
23,283,0.363728,0,8
23,284,0.368229,0,8
23,285,0.365434,0,8
23,286,0.368885,0,8
23,287,0.379683,1,8
23,288,0.352743,0,8
23,289,0.374962,0,8
23,290,0.368298,0,8
23,291,0.387510,0,8
23,292,0.355621,0,8
23,293,0.373316,0,8
23,294,0.362040,0,8
23,295,0.382075,0,8
23,296,0.363318,0,8
23,297,0.401166,0,8
23,298,0.372127,0,8
23,299,0.369849,0,8
23,300,0.378793,0,8
23,301,0.367127,0,8
23,302,0.429018,0,8
23,303,0.402703,0,8
23,304,0.372867,0,8
23,305,0.371063,0,8
23,306,0.363459,0,8
23,307,0.375843,0,8
23,308,0.372606,0,8
23,309,0.393878,0,8
23,310,0.392610,0,8
23,311,0.366244,0,8
23,312,0.382030,0,8
23,313,0.360753,0,8
23,314,0.378145,0,8
23,315,0.370396,0,8
23,316,0.369745,0,8
23,317,0.386686,0,8
23,318,0.381967,0,8
23,319,0.378811,0,8
23,320,0.377329,0,8
23,321,0.364045,0,8
23,322,0.391151,0,8
23,323,0.370407,0,8
23,324,0.383306,0,8
23,325,0.364592,0,8
23,326,0.379741,0,8
23,327,0.364739,0,8
23,328,0.359870,0,8
23,329,0.391231,0,8
23,330,0.359252,0,8
23,331,0.357099,0,8
23,332,0.357748,0,8
23,333,0.371674,0,8
23,334,0.372056,0,8
23,335,0.407454,0,8
23,336,0.375038,0,8
23,337,0.355238,0,8
23,338,0.367590,0,8
23,339,0.376506,0,8
23,340,0.358738,0,8
23,341,0.368393,0,8
23,342,0.366099,0,8
23,343,0.374162,0,8
23,344,0.364378,0,8
23,345,0.372277,0,8
23,346,0.386943,0,8
23,347,0.377740,0,8
23,348,0.368194,0,8
23,349,0.379799,0,8
23,350,0.373775,0,8
23,351,0.380439,0,8
23,352,0.378102,0,8
23,353,0.378624,0,8
23,354,0.376978,0,8
23,355,0.382013,0,8
23,356,0.365577,0,8
23,357,0.370055,0,8
23,358,0.359186,0,8
23,359,0.369838,0,8
23,360,0.366974,0,8
23,361,0.354526,0,8
23,362,0.391261,0,8
23,363,0.364164,0,8
23,364,0.377094,0,8
23,365,0.371466,0,8
23,366,0.376635,0,8
23,367,0.384761,0,8
23,368,0.378729,0,8
23,369,0.374447,0,8
23,370,0.390348,0,8
23,371,0.373789,0,8
23,372,0.374908,0,8
23,373,0.386549,0,8
23,374,0.369160,0,8
23,375,0.376716,0,8
23,376,0.354373,0,8
23,377,0.377344,0,8
23,378,0.357048,0,8
23,379,0.371458,0,8
23,380,0.383171,0,8
23,381,0.359028,0,8
23,382,0.368927,0,8
23,383,0.369702,0,8
23,384,0.376368,0,8
23,385,0.378267,0,8
23,386,0.370996,0,8
23,387,0.370884,0,8
23,388,0.363164,0,8
23,389,0.383867,0,8
23,390,0.372767,0,8
23,391,0.373851,0,8
23,392,0.369433,0,8
23,393,0.367849,0,8
23,394,0.367163,0,8
23,395,0.356164,0,8
23,396,0.364432,0,8
23,397,0.370040,0,8
23,398,0.357405,0,8
23,399,0.364411,0,8
23,400,0.374786,0,8
23,401,0.374495,1,8
23,402,0.370073,0,8
23,403,0.370715,0,8
23,404,0.367828,0,8
23,405,0.377361,0,8
23,406,0.370620,0,8
23,407,0.391198,0,8
23,408,0.373284,0,8
23,409,0.374684,0,8
23,410,0.368945,0,8
23,411,0.366254,0,8
23,412,0.359802,0,8
23,413,0.371451,0,8
23,414,0.377790,0,8
23,415,0.373273,0,8
23,416,0.401045,0,8
23,417,0.375500,0,8
23,418,0.364575,0,8
23,419,0.360901,0,8
23,420,0.373307,0,8
23,421,0.372488,0,8
23,422,0.378823,0,8
23,423,0.374929,0,8
23,424,0.374944,0,8
23,425,0.370117,0,8
23,426,0.370262,0,8
23,427,0.375150,0,8
23,428,0.387056,0,8
23,429,0.371736,0,8
23,430,0.390907,0,8
23,431,0.374012,0,8
23,432,0.380179,0,8
23,433,0.365197,0,8
23,434,0.392828,0,8
23,435,0.368639,0,8
23,436,0.375617,0,8
23,437,0.365453,0,8
23,438,0.365897,0,8
23,439,0.364868,0,8
23,440,0.387801,0,8
23,441,0.386957,0,8
23,442,0.378270,0,8
23,443,0.383558,0,8
23,444,0.359003,0,8
23,445,0.378378,0,8
23,446,0.374502,0,8
23,447,0.383151,0,8
23,448,0.391357,0,8
23,449,0.389643,0,8
23,450,0.393907,0,8
23,451,0.365019,0,8
23,452,0.393886,0,8
23,453,0.373255,0,8
23,454,0.361905,0,8
23,455,0.373745,0,8
23,456,0.365811,0,8
23,457,0.373717,0,8
23,458,0.361855,0,8
23,459,0.355828,0,8
23,460,0.380076,0,8
23,461,0.373809,0,8
23,462,0.372816,0,8
23,463,0.378592,0,8
23,464,0.387615,0,8
23,465,0.384315,0,8
23,466,0.355436,0,8
23,467,0.369349,0,8
23,468,0.357991,0,8
23,469,0.388397,0,8
23,470,0.390793,0,8
23,471,0.370109,0,8
23,472,0.381862,0,8
23,473,0.372807,0,8
23,474,0.380826,0,8
23,475,0.366514,0,8
23,476,0.356068,0,8
23,477,0.379891,0,8
23,478,0.370419,0,8
23,479,0.391931,0,8
23,480,0.371061,0,8
23,481,0.367540,0,8
23,482,0.374625,0,8
23,483,0.374834,0,8
23,484,0.359168,0,8
23,485,0.364556,0,8
23,486,0.367472,0,8
23,487,0.369354,0,8
23,488,0.353808,0,8
23,489,0.356012,0,8
23,490,0.372459,0,8
23,491,0.374026,0,8
23,492,0.368035,1,8
23,493,0.369181,0,8
23,494,0.375766,0,8
23,495,0.365285,0,8
23,496,0.372474,0,8
23,497,0.368369,0,8
23,498,0.375939,0,8
23,499,0.363428,0,8
23,500,0.361325,0,8
23,501,0.364916,0,8
23,502,0.384249,0,8
23,503,0.376788,0,8
23,504,0.362953,0,8
23,505,0.381419,0,8
23,506,0.357760,0,8
23,507,0.366091,0,8
23,508,0.382690,0,8
23,509,0.370818,0,8
23,510,0.368529,0,8
23,511,0.364223,0,8
23,512,0.372565,0,8
23,513,0.364377,0,8
23,514,0.362369,0,8
23,515,0.366731,0,8
23,516,0.363707,0,8
23,517,0.386885,0,8
23,518,0.377211,0,8
23,519,0.365624,0,8
23,520,0.376055,0,8
23,521,0.360391,0,8
23,522,0.366644,0,8
23,523,0.408879,0,8
23,524,0.377361,0,8
23,525,0.369856,0,8
23,526,0.384919,0,8
23,527,0.370075,0,8
23,528,0.359334,0,8
23,529,0.366078,0,8
23,530,0.376514,0,8
23,531,0.376879,0,8
23,532,0.367249,0,8
23,533,0.382904,0,8
23,534,0.370333,0,8
23,535,0.372917,0,8
23,536,0.368296,1,8
23,537,0.376789,0,8
23,538,0.352535,0,8
23,539,0.388193,0,8
23,540,0.367088,0,8
23,541,0.378623,0,8
23,542,0.355589,0,8
23,543,0.359787,0,8
23,544,0.372302,0,8
23,545,0.362603,0,8
23,546,0.372666,0,8
23,547,0.370881,0,8
23,548,0.392397,0,8
23,549,0.369899,0,8
23,550,0.370201,0,8
23,551,0.381586,0,8
23,552,0.370042,0,8
23,553,0.367390,0,8
23,554,0.360859,0,8
23,555,0.369747,0,8
23,556,0.366314,0,8
23,557,0.365761,0,8
23,558,0.365971,0,8
23,559,0.368770,0,8
23,560,0.384163,0,8
23,561,0.380599,0,8
23,562,0.364493,0,8
23,563,0.373170,0,8
23,564,0.370143,0,8
23,565,0.366037,0,8
23,566,0.377297,0,8
23,567,0.358421,0,8
23,568,0.368347,0,8
23,569,0.380914,0,8
23,570,0.385497,0,8
23,571,0.360350,0,8
23,572,0.393960,0,8
23,573,0.367519,0,8
23,574,0.365251,1,8
23,575,0.367879,0,8
23,576,0.368684,0,8
23,577,0.382144,0,8
23,578,0.355583,0,8
23,579,0.376744,0,8
23,580,0.362301,0,8
23,581,0.376955,0,8
23,582,0.371227,0,8
23,583,0.373953,0,8
23,584,0.368551,0,8
23,585,0.354467,0,8
23,586,0.377036,0,8
23,587,0.372229,0,8
23,588,0.363092,0,8
23,589,0.371348,0,8
23,590,0.377062,0,8
23,591,0.380223,0,8
23,592,0.374650,0,8
23,593,0.373397,0,8
23,594,0.378813,0,8
23,595,0.370018,0,8
23,596,0.376867,0,8
23,597,0.366158,0,8
23,598,0.398413,0,8
23,599,0.365076,0,8
23,600,0.361577,0,8
23,601,0.366919,0,8
23,602,0.377995,0,8
23,603,0.369037,0,8
23,604,0.392953,0,8
23,605,0.376087,0,8
23,606,0.370107,0,8
23,607,0.368714,0,8
23,608,0.381382,0,8
23,609,0.370852,0,8
23,610,0.362531,0,8
23,611,0.357325,0,8
23,612,0.372244,0,8
23,613,0.378286,0,8
23,614,0.370001,0,8
23,615,0.379659,1,8
23,616,0.379317,0,8
23,617,0.367832,1,8
23,618,0.381149,0,8
23,619,0.369301,0,8
23,620,0.364725,0,8
23,621,0.386927,0,8
23,622,0.384314,0,8
23,623,0.378325,0,8
23,624,0.391034,0,8
23,625,0.368475,0,8
23,626,0.374024,0,8
23,627,0.366777,0,8
23,628,0.380499,0,8
23,629,0.375661,0,8
23,630,0.380028,0,8
23,631,0.382819,0,8
23,632,0.364593,0,8
23,633,0.376567,0,8
23,634,0.375179,0,8
23,635,0.368285,0,8
23,636,0.385427,0,8
23,637,0.384756,0,8
23,638,0.374838,0,8
23,639,0.366058,0,8
23,640,0.365866,0,8
23,641,0.374452,0,8
23,642,0.388214,0,8
23,643,0.375110,0,8
23,644,0.403935,0,8
23,645,0.375427,0,8
23,646,0.385697,0,8
23,647,0.373714,0,8
23,648,0.379413,0,8
23,649,0.372245,0,8
23,650,0.368914,0,8
23,651,0.370606,0,8
23,652,0.374875,0,8
23,653,0.365379,0,8
23,654,0.366442,0,8
23,655,0.387794,0,8
23,656,0.390329,1,8
23,657,0.405974,0,8
23,658,0.357256,0,8
23,659,0.369976,0,8
23,660,0.380989,0,8
23,661,0.363559,0,8
23,662,0.384356,0,8
23,663,0.375871,0,8
23,664,0.378110,0,8
23,665,0.370471,0,8
23,666,0.370765,0,8
23,667,0.372030,0,8
23,668,0.375842,0,8
23,669,0.368037,0,8
23,670,0.370664,0,8
23,671,0.383856,0,8
23,672,0.369942,0,8
23,673,0.371382,0,8
23,674,0.357889,0,8
23,675,0.382390,0,8
23,676,0.390590,0,8
23,677,0.377627,0,8
23,678,0.376481,0,8
23,679,0.368447,0,8
23,680,0.369561,0,8
23,681,0.370157,0,8
23,682,0.375167,0,8
23,683,0.368987,0,8
23,684,0.414809,0,8
23,685,0.390586,0,8
23,686,0.370116,0,8
23,687,0.369936,0,8
23,688,0.360831,0,8
23,689,0.382727,0,8
23,690,0.368183,0,8
23,691,0.367354,0,8
23,692,0.389890,0,8
23,693,0.384021,0,8
23,694,0.371994,0,8
23,695,0.368593,0,8
23,696,0.366578,0,8
23,697,0.369189,0,8
23,698,0.375463,0,8
23,699,0.367879,0,8
23,700,0.360773,0,8
23,701,0.369236,0,8
23,702,0.361119,0,8
23,703,0.369727,0,8
23,704,0.368899,0,8
23,705,0.366124,0,8
23,706,0.358842,0,8
23,707,0.368643,0,8
23,708,0.365208,0,8
23,709,0.386528,0,8
23,710,0.370475,0,8
23,711,0.382296,0,8
23,712,0.365806,0,8
23,713,0.388053,0,8
23,714,0.358919,0,8
23,715,0.374902,0,8
23,716,0.371135,0,8
23,717,0.365111,0,8
23,718,0.365695,0,8
23,719,0.373591,0,8
23,720,0.373428,0,8
23,721,0.368858,0,8
23,722,0.378940,0,8
23,723,0.370179,0,8
23,724,0.368936,0,8
23,725,0.370304,0,8
23,726,0.374519,1,8
23,727,0.370960,0,8
23,728,0.368140,0,8
23,729,0.367705,0,8
23,730,0.368168,0,8
23,731,0.376143,0,8
23,732,0.387872,0,8
23,733,0.365592,0,8
23,734,0.377122,0,8
23,735,0.362122,0,8
23,736,0.369517,0,8
23,737,0.379473,0,8
23,738,0.397262,0,8
23,739,0.365271,0,8
23,740,0.371261,0,8
23,741,0.367592,0,8
23,742,0.370954,0,8
23,743,0.373383,0,8
23,744,0.367102,0,8
23,745,0.375477,0,8
23,746,0.374906,0,8
23,747,0.382462,0,8
23,748,0.387150,0,8
23,749,0.375016,0,8
23,750,0.357189,0,8
23,751,0.383471,0,8
23,752,0.386942,0,8
23,753,0.360935,0,8
23,754,0.367648,0,8
23,755,0.362860,0,8
23,756,0.363792,0,8
23,757,0.373447,0,8
23,758,0.373422,0,8
23,759,0.379229,0,8
23,760,0.360882,0,8
23,761,0.367894,0,8
23,762,0.365867,0,8
23,763,0.375073,0,8
23,764,0.391752,0,8
23,765,0.385913,0,8
23,766,0.372801,0,8
23,767,0.360195,0,8
23,768,0.379480,0,8
23,769,0.368145,0,8
23,770,0.376432,0,8
23,771,0.375125,1,8
23,772,0.370632,0,8
23,773,0.375744,0,8
23,774,0.362380,0,8
23,775,0.376865,0,8
23,776,0.369412,0,8
23,777,0.370742,0,8
23,778,0.395383,0,8
23,779,0.373182,0,8
23,780,0.358899,0,8
23,781,0.366671,0,8
23,782,0.368614,0,8
23,783,0.371773,0,8
23,784,0.381852,0,8
23,785,0.388701,0,8
23,786,0.354571,0,8
23,787,0.372294,0,8
23,788,0.370651,0,8
23,789,0.363013,0,8
23,790,0.372678,0,8
23,791,0.388895,0,8
23,792,0.380286,0,8
23,793,0.381470,0,8
23,794,0.377309,0,8
23,795,0.377007,0,8
23,796,0.381230,0,8
23,797,0.382118,0,8
23,798,0.368330,0,8
23,799,0.377300,0,8
23,800,0.366658,0,8
23,801,0.380500,0,8
23,802,0.363652,0,8
23,803,0.372050,0,8
23,804,0.369220,0,8
23,805,0.390508,0,8
23,806,0.387956,0,8
23,807,0.371754,0,8
23,808,0.367402,0,8
23,809,0.393145,0,8
23,810,0.370984,0,8
23,811,0.370266,0,8
23,812,0.390159,0,8
23,813,0.367973,0,8
23,814,0.366512,0,8
23,815,0.364390,0,8
23,816,0.375564,0,8
23,817,0.373663,0,8
23,818,0.383112,0,8
23,819,0.392835,0,8
23,820,0.368467,0,8
23,821,0.356085,0,8
23,822,0.369995,0,8
23,823,0.398001,0,8
23,824,0.376853,0,8
23,825,0.383957,0,8
23,826,0.384556,0,8
23,827,0.382539,0,8
23,828,0.361734,0,8
23,829,0.369479,0,8
23,830,0.367169,0,8
23,831,0.372742,0,8
23,832,0.356008,0,8
23,833,0.368588,0,8
23,834,0.366789,0,8
23,835,0.371688,0,8
23,836,0.394049,0,8
23,837,0.388449,0,8
23,838,0.379125,0,8
23,839,0.366928,0,8
23,840,0.366197,0,8
23,841,0.354721,0,8
23,842,0.398376,0,8
23,843,0.368285,0,8
23,844,0.393079,0,8
23,845,0.356212,0,8
23,846,0.363543,0,8
23,847,0.360185,0,8
23,848,0.366629,0,8
23,849,0.364901,0,8
23,850,0.380751,0,8
23,851,0.363757,0,8
23,852,0.366824,0,8
23,853,0.370359,0,8
23,854,0.371291,0,8
23,855,0.362762,0,8
23,856,0.374360,0,8
23,857,0.367359,0,8
23,858,0.386447,0,8
23,859,0.364940,0,8
23,860,0.379479,0,8
23,861,0.375969,0,8
23,862,0.370016,0,8
23,863,0.382422,0,8
23,864,0.352885,0,8
23,865,0.375751,0,8
23,866,0.371086,0,8
23,867,0.367048,0,8
23,868,0.373056,0,8
23,869,0.367397,0,8
23,870,0.363369,0,8
23,871,0.395370,0,8
23,872,0.371057,0,8
23,873,0.372448,0,8
23,874,0.368572,0,8
23,875,0.396679,0,8
23,876,0.360008,0,8
23,877,0.371141,0,8
23,878,0.366232,0,8
23,879,0.388597,0,8
23,880,0.363499,0,8
23,881,0.369066,0,8
23,882,0.380869,0,8
23,883,0.369106,0,8
23,884,0.373887,0,8
23,885,0.367696,0,8
23,886,0.372884,1,8
23,887,0.374588,0,8
23,888,0.371135,0,8
23,889,0.365455,0,8
23,890,0.373354,0,8
23,891,0.367569,0,8
23,892,0.373260,0,8
23,893,0.375260,0,8
23,894,0.370377,0,8
23,895,0.366823,0,8
23,896,0.384565,0,8
23,897,0.378220,0,8
23,898,0.375587,0,8
23,899,0.364459,0,8
23,900,0.381920,0,8
23,901,0.369690,0,8
23,902,0.367163,0,8
23,903,0.367425,0,8
23,904,0.386489,0,8
23,905,0.380609,0,8
23,906,0.380096,0,8
23,907,0.370631,0,8
23,908,0.366850,0,8
23,909,0.355733,0,8
23,910,0.363544,0,8
23,911,0.379524,0,8
23,912,0.375243,1,8
23,913,0.371882,0,8
23,914,0.369251,0,8
23,915,0.380516,0,8
23,916,0.372149,0,8
23,917,0.382136,0,8
23,918,0.380229,0,8
23,919,0.368084,0,8
23,920,0.352856,0,8
23,921,0.382968,0,8
23,922,0.374066,0,8
23,923,0.367189,0,8
23,924,0.366382,0,8
23,925,0.405390,0,8
23,926,0.363222,0,8
23,927,0.369063,0,8
23,928,0.371991,0,8
23,929,0.368288,1,8
23,930,0.368017,0,8
23,931,0.376788,0,8
23,932,0.352419,0,8
23,933,0.367019,0,8
23,934,0.374001,0,8
23,935,0.367936,0,8
23,936,0.388538,0,8
23,937,0.367531,0,8
23,938,0.370436,0,8
23,939,0.368788,0,8
23,940,0.378294,0,8
23,941,0.370845,0,8
23,942,0.369335,0,8
23,943,0.371648,0,8
23,944,0.365906,0,8
23,945,0.370014,0,8
23,946,0.359159,0,8
23,947,0.366321,0,8
23,948,0.372124,0,8
23,949,0.376749,0,8
23,950,0.369905,0,8
23,951,0.389388,0,8
23,952,0.392656,0,8
23,953,0.358413,0,8
23,954,0.365207,0,8
23,955,0.365223,0,8
23,956,0.367864,0,8
23,957,0.359709,0,8
23,958,0.366788,0,8
23,959,0.373074,0,8
23,960,0.368196,0,8
23,961,0.368798,0,8
23,962,0.368029,0,8
23,963,0.373476,0,8
23,964,0.370677,0,8
23,965,0.366398,0,8
23,966,0.374105,0,8
23,967,0.379466,0,8
23,968,0.369598,0,8
23,969,0.365823,0,8
23,970,0.375782,0,8
23,971,0.385181,0,8
23,972,0.373249,1,8
23,973,0.375520,0,8
23,974,0.371201,0,8
23,975,0.379695,0,8
23,976,0.367553,0,8
23,977,0.408515,0,8
23,978,0.359581,0,8
23,979,0.408040,0,8
23,980,0.370274,0,8
23,981,0.387160,1,8
23,982,0.368030,0,8
23,983,0.377444,0,8
23,984,0.370145,0,8
23,985,0.373088,0,8
23,986,0.369451,0,8
23,987,0.377125,0,8
23,988,0.354247,0,8
23,989,0.367943,0,8
23,990,0.356852,1,8
23,991,0.375775,0,8
23,992,0.375228,0,8
23,993,0.354953,0,8
23,994,0.369670,0,8
23,995,0.374424,0,8
23,996,0.370415,0,8
23,997,0.366139,0,8
23,998,0.363151,0,8
23,999,0.367254,0,8
23,1000,0.382165,0,8
23,1001,0.372012,0,8
23,1002,0.381126,0,8
23,1003,0.390741,0,8
23,1004,0.361249,0,8
23,1005,0.368645,0,8
23,1006,0.400186,0,8
23,1007,0.369840,0,8
23,1008,0.372424,0,8
23,1009,0.381879,0,8
23,1010,0.376698,0,8
23,1011,0.372455,0,8
23,1012,0.361704,0,8
23,1013,0.394235,0,8
23,1014,0.368882,0,8
23,1015,0.386930,0,8
23,1016,0.385714,0,8
23,1017,0.374253,0,8
23,1018,0.379807,0,8
23,1019,0.384337,0,8
23,1020,0.357433,0,8
23,1021,0.378482,0,8
23,1022,0.370890,0,8
23,1023,0.377056,0,8
23,1024,0.355351,0,8
23,1025,0.373979,0,8
23,1026,0.370055,0,8
23,1027,0.368514,0,8
23,1028,0.371736,0,8
23,1029,0.375970,0,8
23,1030,0.363174,0,8
23,1031,0.365599,0,8
23,1032,0.406438,0,8
23,1033,0.354589,0,8
23,1034,0.382115,0,8
23,1035,0.370097,0,8
23,1036,0.377528,0,8
23,1037,0.379107,0,8
23,1038,0.378917,0,8
23,1039,0.393331,0,8
23,1040,0.366600,0,8
23,1041,0.366082,0,8
23,1042,0.375893,0,8
23,1043,0.376556,0,8
23,1044,0.373105,0,8
23,1045,0.386302,0,8
23,1046,0.373109,0,8
23,1047,0.367745,0,8
23,1048,0.371566,0,8
23,1049,0.390747,0,8
23,1050,0.366383,0,8
23,1051,0.377835,0,8
23,1052,0.368020,0,8
23,1053,0.384358,0,8
23,1054,0.378586,0,8
23,1055,0.372962,0,8
23,1056,0.368294,0,8
23,1057,0.371442,0,8
23,1058,0.375636,0,8
23,1059,0.379910,0,8
23,1060,0.364779,0,8
23,1061,0.380862,0,8
23,1062,0.375006,0,8
23,1063,0.368186,0,8
23,1064,0.388743,1,8
23,1065,0.372133,0,8
23,1066,0.352356,0,8
23,1067,0.363346,0,8
23,1068,0.366710,0,8
23,1069,0.384619,0,8
23,1070,0.360636,0,8
23,1071,0.371637,0,8
23,1072,0.358295,0,8
23,1073,0.369472,0,8
23,1074,0.361815,0,8
23,1075,0.373867,0,8
23,1076,0.372603,0,8
23,1077,0.377900,0,8
23,1078,0.363755,0,8
23,1079,0.365814,0,8
23,1080,0.368606,0,8
23,1081,0.367327,0,8
23,1082,0.368380,0,8
23,1083,0.350173,0,8
23,1084,0.373063,0,8
23,1085,0.371472,0,8
23,1086,0.389041,0,8
23,1087,0.371607,0,8
23,1088,0.372437,0,8
23,1089,0.371532,0,8
23,1090,0.360859,0,8
23,1091,0.372459,0,8
23,1092,0.357853,0,8
23,1093,0.372232,0,8
23,1094,0.353822,0,8
23,1095,0.368828,0,8
23,1096,0.369868,0,8
23,1097,0.392972,0,8
23,1098,0.379322,0,8
23,1099,0.369680,0,8
23,1100,0.391232,0,8
23,1101,0.399942,0,8
23,1102,0.369257,0,8
23,1103,0.367073,0,8
23,1104,0.385176,0,8
23,1105,0.377584,0,8
23,1106,0.431496,0,8
23,1107,0.404872,0,8
23,1108,0.375908,0,8
23,1109,0.372180,0,8
23,1110,0.371520,0,8
23,1111,0.374460,0,8
23,1112,0.391991,0,8
23,1113,0.372548,0,8
23,1114,0.374005,0,8
23,1115,0.378793,0,8
23,1116,0.366953,0,8
23,1117,0.367920,0,8
23,1118,0.375147,0,8
23,1119,0.376917,0,8
23,1120,0.370411,0,8
23,1121,0.378188,0,8
23,1122,0.365379,0,8
23,1123,0.383426,0,8
23,1124,0.370568,0,8
23,1125,0.380935,0,8
23,1126,0.375821,0,8
23,1127,0.377825,0,8
23,1128,0.378880,0,8
23,1129,0.374631,0,8
23,1130,0.373331,0,8
23,1131,0.386637,0,8
23,1132,0.362936,0,8
23,1133,0.366300,0,8
23,1134,0.363780,0,8
23,1135,0.360537,0,8
23,1136,0.366529,0,8
23,1137,0.370051,0,8
23,1138,0.395708,0,8
23,1139,0.385397,0,8
23,1140,0.365777,0,8
23,1141,0.374866,0,8
23,1142,0.358822,0,8
23,1143,0.366576,0,8
23,1144,0.380823,0,8
23,1145,0.393181,0,8
23,1146,0.373454,0,8
23,1147,0.355363,0,8
23,1148,0.369861,0,8
23,1149,0.370587,0,8
23,1150,0.389128,0,8
23,1151,0.383447,0,8
23,1152,0.371332,0,8
23,1153,0.373111,0,8
23,1154,0.376507,0,8
23,1155,0.371097,0,8
23,1156,0.372872,0,8
23,1157,0.371017,0,8
23,1158,0.370899,0,8
23,1159,0.386656,0,8
23,1160,0.369195,0,8
23,1161,0.372302,0,8
23,1162,0.379257,0,8
23,1163,0.367198,0,8
23,1164,0.375881,0,8
23,1165,0.350935,0,8
23,1166,0.386354,0,8
23,1167,0.374489,0,8
23,1168,0.382298,0,8
23,1169,0.378539,0,8
23,1170,0.369942,0,8
23,1171,0.367239,0,8
23,1172,0.384225,0,8
23,1173,0.380187,0,8
23,1174,0.379218,0,8
23,1175,0.359977,0,8
23,1176,0.374562,0,8
23,1177,0.385791,0,8
23,1178,0.356596,0,8
23,1179,0.369018,0,8
23,1180,0.361608,0,8
23,1181,0.360720,0,8
23,1182,0.368667,0,8
23,1183,0.366438,0,8
23,1184,0.375247,0,8
23,1185,0.375150,0,8
23,1186,0.389846,0,8
23,1187,0.399819,0,8
23,1188,0.392894,1,8
23,1189,0.364534,0,8
23,1190,0.370060,0,8
23,1191,0.385133,1,8
23,1192,0.367745,0,8
23,1193,0.395513,0,8
23,1194,0.368163,0,8
23,1195,0.381054,0,8
23,1196,0.369092,0,8
23,1197,0.368969,0,8
23,1198,0.366945,0,8
23,1199,0.364844,0,8
23,1200,0.378352,0,8
23,1201,0.388325,0,8
23,1202,0.363268,0,8
23,1203,0.377263,0,8
23,1204,0.373806,0,8
23,1205,0.366772,0,8
23,1206,0.363587,0,8
23,1207,0.363529,0,8
23,1208,0.362038,0,8
23,1209,0.388568,0,8
23,1210,0.354882,0,8
23,1211,0.377217,0,8
23,1212,0.363284,0,8
23,1213,0.367387,0,8
23,1214,0.355630,0,8
23,1215,0.395978,0,8
23,1216,0.363923,0,8
23,1217,0.366091,0,8
23,1218,0.364217,0,8
23,1219,0.404878,0,8
23,1220,0.378571,0,8
23,1221,0.363646,0,8
23,1222,0.363888,0,8
23,1223,0.376227,0,8
23,1224,0.368898,0,8
23,1225,0.369990,0,8
23,1226,0.379935,0,8
23,1227,0.370565,0,8
23,1228,0.370670,0,8
23,1229,0.390934,0,8
23,1230,0.374508,0,8
23,1231,0.368491,0,8
23,1232,0.379879,0,8
23,1233,0.382696,0,8
23,1234,0.367144,0,8
23,1235,0.364678,0,8
23,1236,0.386045,0,8
23,1237,0.383172,0,8
23,1238,0.375866,0,8
23,1239,0.372173,0,8
23,1240,0.368249,1,8
23,1241,0.366840,0,8
23,1242,0.374917,0,8
23,1243,0.365708,1,8
23,1244,0.380145,0,8
23,1245,0.392483,0,8
23,1246,0.399230,0,8
23,1247,0.367269,0,8
23,1248,0.360635,0,8
23,1249,0.366935,0,8
23,1250,0.367747,0,8
23,1251,0.383859,0,8
23,1252,0.398408,0,8
23,1253,0.374615,0,8
23,1254,0.393141,0,8
23,1255,0.371958,0,8
23,1256,0.374392,0,8
23,1257,0.357061,0,8
23,1258,0.372078,0,8
23,1259,0.376477,0,8
23,1260,0.369502,0,8
23,1261,0.364712,0,8
23,1262,0.358984,0,8
23,1263,0.375366,0,8
23,1264,0.386236,0,8
23,1265,0.373553,0,8
23,1266,0.372193,0,8
23,1267,0.383971,0,8
23,1268,0.376654,0,8
23,1269,0.363548,0,8
23,1270,0.373039,0,8
23,1271,0.378305,0,8
23,1272,0.366949,0,8
23,1273,0.376529,1,8
23,1274,0.375438,0,8
23,1275,0.378131,0,8
23,1276,0.362508,0,8
23,1277,0.355731,0,8
23,1278,0.367706,0,8
23,1279,0.355241,0,8
23,1280,0.380076,0,8
23,1281,0.365336,0,8
23,1282,0.380446,0,8
23,1283,0.375096,0,8
23,1284,0.371233,0,8
23,1285,0.383799,0,8
23,1286,0.384962,0,8
23,1287,0.372011,0,8
23,1288,0.374866,0,8
23,1289,0.369814,0,8
23,1290,0.366950,0,8
23,1291,0.372457,0,8
23,1292,0.365074,1,8
23,1293,0.364828,0,8
23,1294,0.371410,0,8
23,1295,0.385848,1,8
23,1296,0.366867,0,8
23,1297,0.370812,0,8
23,1298,0.364904,0,8
23,1299,0.390275,0,8
23,1300,0.383413,0,8
23,1301,0.364995,0,8
23,1302,0.360033,0,8
23,1303,0.380342,0,8
23,1304,0.370089,0,8
23,1305,0.384143,0,8
23,1306,0.367450,0,8
23,1307,0.385644,0,8
23,1308,0.369341,0,8
23,1309,0.383082,0,8
23,1310,0.383085,0,8
23,1311,0.371066,0,8
23,1312,0.366178,0,8
23,1313,0.382852,0,8
23,1314,0.369522,0,8
23,1315,0.362853,0,8
23,1316,0.385963,0,8
23,1317,0.359998,0,8
23,1318,0.362705,0,8
23,1319,0.374220,0,8
23,1320,0.363271,0,8
23,1321,0.378238,0,8
23,1322,0.382410,0,8
23,1323,0.370612,0,8
23,1324,0.354751,0,8
23,1325,0.369615,0,8
23,1326,0.361801,0,8
23,1327,0.379822,0,8
23,1328,0.371583,0,8
23,1329,0.369835,0,8
23,1330,0.364685,0,8
23,1331,0.371396,0,8
23,1332,0.385924,0,8
23,1333,0.363682,0,8
23,1334,0.379879,0,8
23,1335,0.371516,0,8
23,1336,0.370741,0,8
23,1337,0.359661,0,8
23,1338,0.397639,0,8
23,1339,0.372500,0,8
23,1340,0.368877,0,8
23,1341,0.369780,0,8
23,1342,0.366425,0,8
23,1343,0.370358,0,8
23,1344,0.367066,0,8
23,1345,0.389096,0,8
23,1346,0.371087,0,8
23,1347,0.371329,0,8
23,1348,0.368289,0,8
23,1349,0.363847,0,8
23,1350,0.377354,0,8
23,1351,0.386927,0,8
23,1352,0.370573,0,8
23,1353,0.402731,0,8
23,1354,0.372627,0,8
23,1355,0.393964,0,8
23,1356,0.379699,0,8
23,1357,0.370898,0,8
23,1358,0.361599,0,8
23,1359,0.367408,0,8
23,1360,0.378740,0,8
23,1361,0.375613,0,8
23,1362,0.393364,0,8
23,1363,0.359678,0,8
23,1364,0.374824,0,8
23,1365,0.368404,0,8
23,1366,0.365493,0,8
23,1367,0.374845,0,8
23,1368,0.372287,0,8
23,1369,0.366455,0,8
23,1370,0.359590,0,8
23,1371,0.374337,0,8
23,1372,0.369663,0,8
23,1373,0.354483,0,8
23,1374,0.371716,0,8
23,1375,0.374409,1,8
23,1376,0.367242,0,8
23,1377,0.356418,0,8
23,1378,0.372980,0,8
23,1379,0.370136,0,8
23,1380,0.410636,0,8
23,1381,0.363337,0,8
23,1382,0.381901,0,8
23,1383,0.372541,0,8
23,1384,0.370583,0,8
23,1385,0.372605,0,8
23,1386,0.379229,0,8
23,1387,0.368830,0,8
23,1388,0.366428,0,8
23,1389,0.375748,0,8
23,1390,0.379266,0,8
23,1391,0.373072,0,8
23,1392,0.371482,0,8
23,1393,0.367754,0,8
23,1394,0.373901,0,8
23,1395,0.366267,1,8
23,1396,0.367333,0,8
23,1397,0.393351,0,8
23,1398,0.370778,0,8
23,1399,0.359429,0,8
23,1400,0.371686,1,8
23,1401,0.369352,0,8
23,1402,0.371656,0,8
23,1403,0.374873,0,8
23,1404,0.375385,0,8
23,1405,0.363142,0,8
23,1406,0.368383,0,8
23,1407,0.378954,0,8
23,1408,0.377048,0,8
23,1409,0.359827,0,8
23,1410,0.370106,0,8
23,1411,0.369251,0,8
23,1412,0.384739,0,8
23,1413,0.368936,0,8
23,1414,0.367244,0,8
23,1415,0.365583,0,8
23,1416,0.376132,0,8
23,1417,0.353478,0,8
23,1418,0.380050,0,8
23,1419,0.364697,0,8
23,1420,0.373044,0,8
23,1421,0.375758,0,8
23,1422,0.381748,0,8
23,1423,0.367200,0,8
23,1424,0.380617,0,8
23,1425,0.382330,0,8
23,1426,0.381511,0,8
23,1427,0.377636,0,8
23,1428,0.369039,0,8
23,1429,0.359570,0,8
23,1430,0.366585,1,8
23,1431,0.380513,0,8
23,1432,0.379803,0,8
23,1433,0.381539,0,8
23,1434,0.381212,0,8
23,1435,0.392590,0,8
23,1436,0.376396,0,8
23,1437,0.369433,0,8
23,1438,0.366767,0,8
23,1439,0.375079,0,8
23,1440,0.371924,0,8
23,1441,0.384371,0,8
23,1442,0.368429,0,8
23,1443,0.387397,0,8
23,1444,0.380723,0,8
23,1445,0.375633,0,8
23,1446,0.369708,0,8
23,1447,0.359458,0,8
23,1448,0.370644,0,8
23,1449,0.375521,0,8
23,1450,0.387618,0,8
23,1451,0.378638,0,8
23,1452,0.363399,0,8
23,1453,0.364189,0,8
23,1454,0.368745,0,8
23,1455,0.379887,0,8
23,1456,0.376092,0,8
23,1457,0.368519,0,8
23,1458,0.369976,0,8
23,1459,0.356337,0,8
23,1460,0.369958,0,8
23,1461,0.397506,0,8
23,1462,0.388527,0,8
23,1463,0.374120,0,8
23,1464,0.391991,0,8
23,1465,0.364627,0,8
23,1466,0.367558,0,8
23,1467,0.363849,0,8
23,1468,0.364945,0,8
23,1469,0.376846,0,8
23,1470,0.367603,0,8
23,1471,0.371245,0,8
23,1472,0.369575,0,8
23,1473,0.373602,0,8
23,1474,0.392670,0,8
23,1475,0.357129,0,8
23,1476,0.369810,0,8
23,1477,0.365105,0,8
23,1478,0.361628,0,8
23,1479,0.387078,0,8
23,1480,0.368987,0,8
23,1481,0.374058,0,8
23,1482,0.365665,0,8
23,1483,0.364543,0,8
23,1484,0.368429,0,8
23,1485,0.379190,0,8
23,1486,0.373268,0,8
23,1487,0.382363,0,8
23,1488,0.379202,0,8
23,1489,0.369081,1,8
23,1490,0.365878,0,8
23,1491,0.368315,0,8
23,1492,0.378432,0,8
23,1493,0.368744,0,8
23,1494,0.388510,0,8
23,1495,0.390107,0,8
23,1496,0.355501,0,8
23,1497,0.380005,0,8
23,1498,0.370017,0,8
23,1499,0.372376,0,8
23,1500,0.385838,0,8
23,1501,0.370645,0,8
23,1502,0.367182,0,8
23,1503,0.365267,0,8
23,1504,0.383142,0,8
23,1505,0.368678,0,8
23,1506,0.381878,0,8
23,1507,0.372048,0,8
23,1508,0.384564,0,8
23,1509,0.368315,0,8
23,1510,0.358211,0,8
23,1511,0.360933,1,8
23,1512,0.377062,0,8
23,1513,0.372860,0,8
23,1514,0.381463,0,8
23,1515,0.362505,0,8
23,1516,0.390931,0,8
23,1517,0.370801,1,8
23,1518,0.368499,0,8
23,1519,0.376555,0,8
23,1520,0.374567,0,8
23,1521,0.370579,0,8
23,1522,0.362117,0,8
23,1523,0.370529,0,8
23,1524,0.367929,0,8
23,1525,0.355716,0,8
23,1526,0.373976,0,8
23,1527,0.361496,0,8
23,1528,0.367119,0,8
23,1529,0.365971,0,8
23,1530,0.369001,0,8
23,1531,0.372753,0,8
23,1532,0.365326,0,8
23,1533,0.360796,0,8
23,1534,0.391128,0,8
23,1535,0.374999,0,8
23,1536,0.366236,0,8
23,1537,0.378542,0,8
23,1538,0.365865,0,8
23,1539,0.369001,0,8
23,1540,0.382883,0,8
23,1541,0.385560,0,8
23,1542,0.372737,0,8
23,1543,0.369197,0,8
23,1544,0.379894,0,8
23,1545,0.358513,0,8
23,1546,0.381314,0,8
23,1547,0.365018,0,8
23,1548,0.376952,0,8
23,1549,0.372359,0,8
23,1550,0.375368,0,8
23,1551,0.363081,0,8
23,1552,0.380028,0,8
23,1553,0.380093,0,8
23,1554,0.374763,0,8
23,1555,0.376765,0,8
23,1556,0.382521,0,8
23,1557,0.357363,0,8
23,1558,0.364168,0,8
23,1559,0.358214,0,8
23,1560,0.378939,0,8
23,1561,0.368604,0,8
23,1562,0.368213,0,8
23,1563,0.392695,0,8
23,1564,0.365071,0,8
23,1565,0.378939,0,8
23,1566,0.381158,0,8
23,1567,0.382955,0,8
23,1568,0.386301,0,8
23,1569,0.370547,0,8
23,1570,0.385127,0,8
23,1571,0.365379,0,8
23,1572,0.374871,1,8
23,1573,0.365421,0,8
23,1574,0.375808,0,8
23,1575,0.365488,0,8
23,1576,0.386738,0,8
23,1577,0.369721,0,8
23,1578,0.363953,0,8
23,1579,0.362619,0,8
23,1580,0.370210,0,8
23,1581,0.388324,1,8
23,1582,0.392481,0,8
23,1583,0.370338,0,8
23,1584,0.366339,0,8
23,1585,0.361927,0,8
23,1586,0.386748,0,8
23,1587,0.365096,0,8
23,1588,0.380682,0,8
23,1589,0.355587,0,8
23,1590,0.355388,0,8
23,1591,0.376614,0,8
23,1592,0.370594,0,8
23,1593,0.388950,0,8
23,1594,0.385049,0,8
23,1595,0.386856,0,8
23,1596,0.361877,0,8
23,1597,0.376987,0,8
23,1598,0.364811,0,8
23,1599,0.372538,0,8
23,1600,0.371913,0,8
23,1601,0.385039,0,8
23,1602,0.374732,0,8
23,1603,0.392836,0,8
23,1604,0.366081,0,8
23,1605,0.379919,0,8
23,1606,0.371039,0,8
23,1607,0.372750,0,8
23,1608,0.391707,0,8
23,1609,0.382663,0,8
23,1610,0.372643,0,8
23,1611,0.364501,0,8
23,1612,0.367866,0,8
23,1613,0.378832,0,8
23,1614,0.372471,0,8
23,1615,0.358196,0,8
23,1616,0.354942,0,8
23,1617,0.390252,0,8
23,1618,0.370671,0,8
23,1619,0.374758,0,8
23,1620,0.383062,0,8
23,1621,0.399048,0,8
23,1622,0.371747,0,8
23,1623,0.377541,0,8
23,1624,0.367076,0,8
23,1625,0.369815,0,8
23,1626,0.365918,0,8
23,1627,0.376961,0,8
23,1628,0.364165,0,8
23,1629,0.374505,0,8
23,1630,0.357169,0,8
23,1631,0.378961,0,8
23,1632,0.366652,0,8
23,1633,0.357495,0,8
23,1634,0.375412,0,8
23,1635,0.371421,0,8
23,1636,0.376906,0,8
23,1637,0.384331,0,8
23,1638,0.376056,0,8
23,1639,0.380431,0,8
23,1640,0.382398,0,8
23,1641,0.358645,0,8
23,1642,0.361250,0,8
23,1643,0.377571,0,8
23,1644,0.370075,0,8
23,1645,0.371123,0,8
23,1646,0.392744,0,8
23,1647,0.372160,0,8
23,1648,0.384358,0,8
23,1649,0.387720,0,8
23,1650,0.364869,0,8
23,1651,0.364869,0,8
23,1652,0.375392,0,8
23,1653,0.371212,0,8
23,1654,0.371758,0,8
23,1655,0.370779,0,8
23,1656,0.367804,0,8
23,1657,0.382985,0,8
23,1658,0.374804,0,8
23,1659,0.367878,0,8
23,1660,0.384954,0,8
23,1661,0.389460,0,8
23,1662,0.366167,0,8
23,1663,0.369145,0,8
23,1664,0.373964,0,8
23,1665,0.374822,0,8
23,1666,0.364138,0,8
23,1667,0.361739,0,8
23,1668,0.394861,0,8
23,1669,0.368621,0,8
23,1670,0.365960,0,8
23,1671,0.355499,0,8
23,1672,0.372801,0,8
23,1673,0.391887,1,8
23,1674,0.388441,0,8
23,1675,0.391838,0,8
23,1676,0.365799,0,8
23,1677,0.368791,0,8
23,1678,0.367050,0,8
23,1679,0.379031,0,8
23,1680,0.364564,0,8
23,1681,0.367631,0,8
23,1682,0.365017,0,8
23,1683,0.374806,0,8
23,1684,0.375218,0,8
23,1685,0.356074,0,8
23,1686,0.384809,0,8
23,1687,0.377056,0,8
23,1688,0.359173,0,8
23,1689,0.379565,0,8
23,1690,0.372591,0,8
23,1691,0.367559,0,8
23,1692,0.357606,0,8
23,1693,0.359811,0,8
23,1694,0.373666,0,8
23,1695,0.365250,0,8
23,1696,0.364287,0,8
23,1697,0.370041,0,8
23,1698,0.372263,0,8
23,1699,0.352584,0,8
23,1700,0.363093,0,8
23,1701,0.377175,0,8
23,1702,0.384630,0,8
23,1703,0.366960,0,8
23,1704,0.379843,0,8
23,1705,0.366962,0,8
23,1706,0.371628,0,8
23,1707,0.376285,0,8
23,1708,0.373545,0,8
23,1709,0.373321,0,8
23,1710,0.361321,0,8
23,1711,0.361628,0,8
23,1712,0.372218,0,8
23,1713,0.368689,0,8
23,1714,0.385811,0,8
23,1715,0.376454,0,8
23,1716,0.363850,0,8
23,1717,0.374119,0,8
23,1718,0.378124,0,8
23,1719,0.364387,0,8
23,1720,0.368079,1,8
23,1721,0.386354,0,8
23,1722,0.366142,0,8
23,1723,0.366918,0,8
23,1724,0.365861,0,8
23,1725,0.373779,0,8
23,1726,0.372149,0,8
23,1727,0.371349,0,8
23,1728,0.367919,0,8
23,1729,0.384049,0,8
23,1730,0.374454,0,8
23,1731,0.366134,0,8
23,1732,0.399624,0,8
23,1733,0.370795,0,8
23,1734,0.370020,0,8
23,1735,0.381373,0,8
23,1736,0.388581,0,8
23,1737,0.368879,0,8
23,1738,0.364074,0,8
23,1739,0.364429,0,8
23,1740,0.370618,0,8
23,1741,0.365997,0,8
23,1742,0.363471,0,8
23,1743,0.356470,0,8
23,1744,0.361102,0,8
23,1745,0.384988,0,8
23,1746,0.368758,0,8
23,1747,0.364662,0,8
23,1748,0.374128,0,8
23,1749,0.364744,0,8
23,1750,0.363746,0,8
23,1751,0.370031,1,8
23,1752,0.359907,0,8
23,1753,0.368120,0,8
23,1754,0.373722,0,8
23,1755,0.379168,0,8
23,1756,0.391339,0,8
23,1757,0.371928,0,8
23,1758,0.376730,0,8
23,1759,0.353119,0,8
23,1760,0.383729,0,8
23,1761,0.371530,0,8
23,1762,0.371048,0,8
23,1763,0.355438,0,8
23,1764,0.369110,0,8
23,1765,0.370442,0,8
23,1766,0.369296,0,8
23,1767,0.370492,0,8
23,1768,0.371256,0,8
23,1769,0.370820,0,8
23,1770,0.358660,0,8
23,1771,0.380119,0,8
23,1772,0.370471,0,8
23,1773,0.388453,0,8
23,1774,0.385694,0,8
23,1775,0.374322,0,8
23,1776,0.372881,0,8
23,1777,0.360356,0,8
23,1778,0.359026,0,8
23,1779,0.371550,0,8
23,1780,0.366676,0,8
23,1781,0.372744,0,8
23,1782,0.371327,0,8
23,1783,0.386208,0,8
23,1784,0.368957,0,8
23,1785,0.367730,0,8
23,1786,0.375473,0,8
23,1787,0.371126,0,8
23,1788,0.364564,0,8
23,1789,0.369412,0,8
23,1790,0.372817,0,8
23,1791,0.369376,0,8
23,1792,0.369203,0,8
23,1793,0.365585,0,8
23,1794,0.364054,0,8
23,1795,0.383937,0,8
23,1796,0.367266,0,8
23,1797,0.364478,0,8
23,1798,0.387173,0,8
23,1799,0.377997,0,8
23,1800,0.358276,0,8
23,1801,0.365831,0,8
23,1802,0.364270,0,8
23,1803,0.374427,0,8
23,1804,0.371100,0,8
23,1805,0.368860,0,8
23,1806,0.387239,0,8
23,1807,0.367104,0,8
23,1808,0.372307,0,8
23,1809,0.368201,0,8
23,1810,0.393651,0,8
23,1811,0.388364,0,8
23,1812,0.370306,0,8
23,1813,0.383464,0,8
23,1814,0.357708,0,8
23,1815,0.379271,0,8
23,1816,0.365006,0,8
23,1817,0.370912,0,8
23,1818,0.364899,0,8
23,1819,0.373394,0,8
23,1820,0.372268,0,8
23,1821,0.367965,0,8
23,1822,0.372615,1,8
23,1823,0.373231,0,8
23,1824,0.374511,0,8
23,1825,0.364407,0,8
23,1826,0.366320,0,8
23,1827,0.390142,0,8
23,1828,0.374099,0,8
23,1829,0.357128,0,8
23,1830,0.374279,0,8
23,1831,0.371029,0,8
23,1832,0.362389,0,8
23,1833,0.367021,0,8
23,1834,0.401114,0,8
23,1835,0.369547,0,8
23,1836,0.403607,0,8
23,1837,0.366339,0,8
23,1838,0.391648,0,8
23,1839,0.373854,0,8
23,1840,0.364660,0,8
23,1841,0.379583,0,8
23,1842,0.362606,0,8
23,1843,0.372115,0,8
23,1844,0.383470,0,8
23,1845,0.387445,0,8
23,1846,0.362008,0,8
23,1847,0.386158,0,8
23,1848,0.387839,0,8
23,1849,0.368992,0,8
23,1850,0.369994,0,8
23,1851,0.378290,0,8
23,1852,0.379371,0,8
23,1853,0.386105,0,8
23,1854,0.365768,0,8
23,1855,0.365717,0,8
23,1856,0.380852,0,8
23,1857,0.359716,0,8
23,1858,0.384745,0,8
23,1859,0.389865,0,8
23,1860,0.366824,0,8
23,1861,0.365420,0,8
23,1862,0.356246,0,8
23,1863,0.379681,0,8
23,1864,0.360996,0,8
23,1865,0.363747,0,8
23,1866,0.372574,0,8
23,1867,0.370545,0,8
23,1868,0.354246,0,8
23,1869,0.366286,0,8
23,1870,0.381997,0,8
23,1871,0.363573,0,8
23,1872,0.392558,0,8
23,1873,0.366575,0,8
23,1874,0.374201,0,8
23,1875,0.370921,0,8
23,1876,0.369615,0,8
23,1877,0.365420,0,8
23,1878,0.386331,0,8
23,1879,0.387660,0,8
23,1880,0.367233,0,8
23,1881,0.362538,0,8
23,1882,0.386477,0,8
23,1883,0.367837,0,8
23,1884,0.352305,0,8
23,1885,0.372378,0,8
23,1886,0.378350,0,8
23,1887,0.367323,0,8
23,1888,0.363490,0,8
23,1889,0.373601,0,8
23,1890,0.383347,0,8
23,1891,0.373518,0,8
23,1892,0.367782,0,8
23,1893,0.376754,0,8
23,1894,0.406740,0,8
23,1895,0.372167,0,8
23,1896,0.368627,0,8
23,1897,0.383240,0,8
23,1898,0.367880,0,8
23,1899,0.362311,0,8
23,1900,0.381048,0,8
23,1901,0.389369,0,8
23,1902,0.361986,0,8
23,1903,0.370390,0,8
23,1904,0.370784,0,8
23,1905,0.405428,0,8
23,1906,0.369359,0,8
23,1907,0.358274,0,8
23,1908,0.379837,0,8
23,1909,0.374576,0,8
23,1910,0.440794,0,8
23,1911,0.387823,1,8
23,1912,0.368602,0,8
23,1913,0.351822,0,8
23,1914,0.375407,0,8
23,1915,0.376548,0,8
23,1916,0.403857,0,8
23,1917,0.381904,0,8
23,1918,0.376167,0,8
23,1919,0.370476,0,8
23,1920,0.366116,0,8
23,1921,0.369096,0,8
23,1922,0.374534,0,8
23,1923,0.370584,0,8
23,1924,0.370866,0,8
23,1925,0.371069,0,8
23,1926,0.364824,0,8
23,1927,0.370746,0,8
23,1928,0.373219,0,8
23,1929,0.384698,0,8
23,1930,0.368400,0,8
23,1931,0.378106,0,8
23,1932,0.384241,1,8
23,1933,0.374829,0,8
23,1934,0.376695,0,8
23,1935,0.374041,0,8
23,1936,0.371737,0,8
23,1937,0.370025,0,8
23,1938,0.366419,0,8
23,1939,0.369410,0,8
23,1940,0.379884,0,8
23,1941,0.357328,0,8
23,1942,0.374528,0,8
23,1943,0.380136,0,8
23,1944,0.374017,0,8
23,1945,0.382990,0,8
23,1946,0.371635,0,8
23,1947,0.367544,0,8
23,1948,0.386713,0,8
23,1949,0.377296,0,8
23,1950,0.367107,0,8
23,1951,0.376192,0,8
23,1952,0.368606,0,8
23,1953,0.371569,0,8
23,1954,0.368966,0,8
23,1955,0.374014,0,8
23,1956,0.369042,0,8
23,1957,0.368844,0,8
23,1958,0.362563,0,8
23,1959,0.377123,0,8
23,1960,0.372104,0,8
23,1961,0.366300,0,8
23,1962,0.375875,0,8
23,1963,0.369044,0,8
23,1964,0.374896,0,8
23,1965,0.365586,0,8
23,1966,0.379756,0,8
23,1967,0.368221,0,8
23,1968,0.357355,0,8
23,1969,0.357307,0,8
23,1970,0.386316,0,8
23,1971,0.367593,0,8
23,1972,0.371370,0,8
23,1973,0.380625,0,8
23,1974,0.371242,0,8
23,1975,0.375768,1,8
23,1976,0.375998,0,8
23,1977,0.369669,0,8
23,1978,0.372707,0,8
23,1979,0.376999,0,8
23,1980,0.383826,0,8
23,1981,0.366182,0,8
23,1982,0.366919,0,8
23,1983,0.377583,0,8
23,1984,0.370018,0,8
23,1985,0.369370,0,8
23,1986,0.371933,0,8
23,1987,0.373272,0,8
23,1988,0.360556,0,8
23,1989,0.374652,0,8
23,1990,0.384077,0,8
23,1991,0.383937,0,8
23,1992,0.368233,0,8
23,1993,0.376629,0,8
23,1994,0.370974,0,8
23,1995,0.364776,0,8
23,1996,0.371805,0,8
23,1997,0.388258,0,8
23,1998,0.356372,0,8
23,1999,0.371533,0,8
