edgebits,solver,gpu,nonce,edges,dupes,solve_ms
29,mean,0,0,264,0,272
29,mean,0,1,238,0,266
29,mean,0,2,236,0,264
29,mean,0,3,216,0,267
29,mean,0,4,244,0,266
29,mean,0,5,230,0,267
29,mean,0,6,278,0,266
29,mean,0,7,252,0,267
29,mean,0,8,274,0,266
29,mean,0,9,236,0,267
29,mean,0,10,244,0,267
29,mean,0,11,268,0,267
29,mean,0,12,278,0,266
29,mean,0,13,278,0,267
29,mean,0,14,244,0,266
29,mean,0,15,226,0,267
29,mean,0,16,238,0,266
29,mean,0,17,244,0,262
29,mean,0,18,256,2,267
29,mean,0,19,268,0,266
29,mean,0,20,276,0,333
29,mean,0,21,226,0,268
29,mean,0,22,264,0,267
29,mean,0,23,242,0,266
29,mean,0,24,226,0,267
29,mean,0,25,268,0,267
29,mean,0,26,190,0,266
29,mean,0,27,240,0,266
29,mean,0,28,248,0,266
29,mean,0,29,238,0,267
29,mean,0,30,254,2,266
29,mean,0,31,208,0,266
29,mean,0,32,222,0,263
29,mean,0,33,226,0,265
29,mean,0,34,240,0,267
29,mean,0,35,258,0,266
29,mean,0,36,302,0,267
29,mean,0,37,230,0,267
29,mean,0,38,252,0,266
29,mean,0,39,286,0,267
29,mean,0,40,234,0,266
29,mean,0,41,232,0,267
29,mean,0,42,246,0,266
29,mean,0,43,246,0,266
29,mean,0,44,218,0,267
29,mean,0,45,278,0,267
29,mean,0,46,294,0,267
29,mean,0,47,270,0,265
29,mean,0,48,262,0,267
29,mean,0,49,216,0,266
29,mean,0,50,268,0,267
29,mean,0,51,256,0,266
29,mean,0,52,242,0,267
29,mean,0,53,262,0,267
29,mean,0,54,270,0,266
29,mean,0,55,252,0,267
29,mean,0,56,288,0,267
29,mean,0,57,276,0,267
29,mean,0,58,240,0,267
29,mean,0,59,264,0,267
29,mean,0,60,236,0,266
29,mean,0,61,296,4,267
29,mean,0,62,236,0,266
29,mean,0,63,222,0,267
29,mean,0,64,258,0,267
29,mean,0,65,260,0,267
29,mean,0,66,272,0,266
29,mean,0,67,274,4,268
29,mean,0,68,248,0,266
29,mean,0,69,222,0,266
29,mean,0,70,270,0,268
29,mean,0,71,256,2,266
29,mean,0,72,222,0,267
29,mean,0,73,254,0,266
29,mean,0,74,240,0,267
29,mean,0,75,204,0,266
29,mean,0,76,238,0,266
29,mean,0,77,210,2,264
29,mean,0,78,262,0,267
29,mean,0,79,242,0,266
29,mean,0,80,268,4,266
29,mean,0,81,224,0,266
29,mean,0,82,228,0,267
29,mean,0,83,244,0,267
29,mean,0,84,230,0,267
29,mean,0,85,254,0,268
29,mean,0,86,208,0,266
29,mean,0,87,278,0,267
29,mean,0,88,206,0,267
29,mean,0,89,244,0,267
29,mean,0,90,282,2,267
29,mean,0,91,240,0,266
29,mean,0,92,250,0,266
29,mean,0,93,212,0,267
29,mean,0,94,238,0,266
29,mean,0,95,230,0,266
29,mean,0,96,208,0,266
29,mean,0,97,238,0,267
29,mean,0,98,258,0,267
29,mean,0,99,274,2,266
29,mean,0,100,256,0,267
29,mean,0,101,212,2,267
29,mean,0,102,224,0,267
29,mean,0,103,244,0,267
29,mean,0,104,266,0,268
29,mean,0,105,268,0,267
29,mean,0,106,236,0,267
29,mean,0,107,248,0,266
29,mean,0,108,236,2,267
29,mean,0,109,272,0,267
29,mean,0,110,258,0,267
29,mean,0,111,248,0,266
29,mean,0,112,262,0,267
29,mean,0,113,260,0,266
29,mean,0,114,236,0,267
29,mean,0,115,222,0,267
29,mean,0,116,238,0,266
29,mean,0,117,270,0,266
29,mean,0,118,300,0,267
29,mean,0,119,222,0,267
29,mean,0,120,252,0,267
29,mean,0,121,234,0,267
29,mean,0,122,246,0,265
29,mean,0,123,248,6,267
29,mean,0,124,222,0,267
29,mean,0,125,236,0,266
29,mean,0,126,242,0,267
29,mean,0,127,240,0,267
29,mean,0,128,274,0,266
29,mean,0,129,240,0,266
29,mean,0,130,228,0,267
29,mean,0,131,248,0,266
29,mean,0,132,220,2,266
29,mean,0,133,202,0,266
29,mean,0,134,214,0,267
29,mean,0,135,268,0,267
29,mean,0,136,236,0,267
29,mean,0,137,250,0,266
29,mean,0,138,286,0,267
29,mean,0,139,242,0,266
29,mean,0,140,254,0,267
29,mean,0,141,270,0,266
29,mean,0,142,260,2,267
29,mean,0,143,262,0,266
29,mean,0,144,288,0,334
29,mean,0,145,246,0,268
29,mean,0,146,222,0,266
29,mean,0,147,256,2,267
29,mean,0,148,220,4,266
29,mean,0,149,226,0,267
29,mean,0,150,234,0,267
29,mean,0,151,230,0,266
29,mean,0,152,226,0,267
29,mean,0,153,246,0,267
29,mean,0,154,258,2,267
29,mean,0,155,282,2,266
29,mean,0,156,266,0,267
29,mean,0,157,222,4,267
29,mean,0,158,278,0,333
29,mean,0,159,204,0,268
29,mean,0,160,252,0,267
29,mean,0,161,224,0,266
29,mean,0,162,226,2,267
29,mean,0,163,286,2,266
29,mean,0,164,254,0,267
29,mean,0,165,258,0,267
29,mean,0,166,250,0,265
29,mean,0,167,264,0,267
29,mean,0,168,196,0,266
29,mean,0,169,224,0,266
29,mean,0,170,222,0,267
29,mean,0,171,258,0,267
29,mean,0,172,218,2,266
29,mean,0,173,242,0,267
29,mean,0,174,280,0,267
29,mean,0,175,256,0,267
29,mean,0,176,218,0,267
29,mean,0,177,274,0,266
29,mean,0,178,242,0,267
29,mean,0,179,268,4,267
29,mean,0,180,240,0,266
29,mean,0,181,216,0,265
29,mean,0,182,274,0,267
29,mean,0,183,228,0,266
29,mean,0,184,244,0,266
29,mean,0,185,234,0,267
29,mean,0,186,212,0,267
29,mean,0,187,264,0,267
29,mean,0,188,320,0,331
29,mean,0,189,248,0,268
29,mean,0,190,250,0,266
29,mean,0,191,248,0,267
29,mean,0,192,228,0,268
29,mean,0,193,256,0,267
29,mean,0,194,240,2,267
29,mean,0,195,294,0,267
29,mean,0,196,240,0,266
29,mean,0,197,252,0,267
29,mean,0,198,224,0,266
29,mean,0,199,260,0,267
29,mean,0,200,280,0,267
29,mean,0,201,226,0,267
29,mean,0,202,264,0,267
29,mean,0,203,284,0,334
29,mean,0,204,230,0,268
29,mean,0,205,200,0,267
29,mean,0,206,248,0,335
29,mean,0,207,234,0,268
29,mean,0,208,222,0,267
29,mean,0,209,230,0,266
29,mean,0,210,230,0,266
29,mean,0,211,282,0,268
29,mean,0,212,224,2,266
29,mean,0,213,236,0,266
29,mean,0,214,212,0,267
29,mean,0,215,224,0,267
29,mean,0,216,270,4,267
29,mean,0,217,206,0,267
29,mean,0,218,220,0,266
29,mean,0,219,252,0,267
29,mean,0,220,250,0,267
29,mean,0,221,204,0,266
29,mean,0,222,254,0,267
29,mean,0,223,228,0,267
29,mean,0,224,312,0,331
29,mean,0,225,204,0,268
29,mean,0,226,254,0,268
29,mean,0,227,260,0,267
29,mean,0,228,242,0,266
29,mean,0,229,228,0,267
29,mean,0,230,282,0,267
29,mean,0,231,256,0,266
29,mean,0,232,236,0,266
29,mean,0,233,236,0,267
29,mean,0,234,294,2,267
29,mean,0,235,246,2,267
29,mean,0,236,222,0,267
29,mean,0,237,300,0,268
29,mean,0,238,230,0,266
29,mean,0,239,288,4,266
29,mean,0,240,274,0,264
29,mean,0,241,244,0,268
29,mean,0,242,246,2,266
29,mean,0,243,252,0,266
29,mean,0,244,254,0,267
29,mean,0,245,234,0,267
29,mean,0,246,244,0,266
29,mean,0,247,262,0,267
29,mean,0,248,218,0,266
29,mean,0,249,278,0,334
29,mean,0,250,244,0,268
29,mean,0,251,288,0,266
29,mean,0,252,236,0,267
29,mean,0,253,236,0,266
29,mean,0,254,276,0,266
29,mean,0,255,276,4,266
29,mean,0,256,266,0,267
29,mean,0,257,256,0,267
29,mean,0,258,214,0,267
29,mean,0,259,294,0,267
29,mean,0,260,264,0,267
29,mean,0,261,268,0,266
29,mean,0,262,270,0,266
29,mean,0,263,228,0,269
29,mean,0,264,200,0,266
29,mean,0,265,236,0,267
29,mean,0,266,282,0,267
29,mean,0,267,228,0,267
29,mean,0,268,302,0,268
29,mean,0,269,264,0,267
29,mean,0,270,236,0,266
29,mean,0,271,232,0,267
29,mean,0,272,278,0,267
29,mean,0,273,214,0,267
29,mean,0,274,260,0,266
29,mean,0,275,258,0,267
29,mean,0,276,244,0,267
29,mean,0,277,284,0,266
29,mean,0,278,240,0,267
29,mean,0,279,276,0,267
29,mean,0,280,264,0,266
29,mean,0,281,242,0,267
29,mean,0,282,266,0,267
29,mean,0,283,266,0,266
29,mean,0,284,236,0,266
29,mean,0,285,264,2,266
29,mean,0,286,254,2,267
29,mean,0,287,270,0,267
29,mean,0,288,236,0,267
29,mean,0,289,200,0,267
29,mean,0,290,276,0,267
29,mean,0,291,236,0,266
29,mean,0,292,210,0,267
29,mean,0,293,216,0,267
29,mean,0,294,304,0,267
29,mean,0,295,244,0,266
29,mean,0,296,258,0,267
29,mean,0,297,268,2,267
29,mean,0,298,246,0,267
29,mean,0,299,238,0,267
29,mean,0,300,274,0,266
29,mean,0,301,202,0,267
29,mean,0,302,252,0,266
29,mean,0,303,260,2,266
29,mean,0,304,214,0,266
29,mean,0,305,274,2,267
29,mean,0,306,228,0,266
29,mean,0,307,228,0,267
29,mean,0,308,264,0,267
29,mean,0,309,266,0,266
29,mean,0,310,256,0,268
29,mean,0,311,248,0,266
29,mean,0,312,248,0,267
29,mean,0,313,208,0,267
29,mean,0,314,224,2,266
29,mean,0,315,216,0,265
29,mean,0,316,238,0,267
29,mean,0,317,262,2,266
29,mean,0,318,250,0,267
29,mean,0,319,244,1,267
29,mean,0,320,270,0,266
29,mean,0,321,216,0,267
29,mean,0,322,276,0,267
29,mean,0,323,258,0,267
29,mean,0,324,202,0,267
29,mean,0,325,228,0,266
29,mean,0,326,234,0,266
29,mean,0,327,222,0,267
29,mean,0,328,238,2,266
29,mean,0,329,282,0,267
29,mean,0,330,236,0,265
29,mean,0,331,268,0,267
29,mean,0,332,234,0,267
29,mean,0,333,216,0,267
29,mean,0,334,270,0,267
29,mean,0,335,228,0,267
29,mean,0,336,238,2,266
29,mean,0,337,234,0,266
29,mean,0,338,252,2,268
29,mean,0,339,246,0,266
29,mean,0,340,258,6,266
29,mean,0,341,244,4,267
29,mean,0,342,248,0,267
29,mean,0,343,252,0,266
29,mean,0,344,228,0,267
29,mean,0,345,268,0,266
29,mean,0,346,234,0,267
29,mean,0,347,230,0,267
29,mean,0,348,206,0,266
29,mean,0,349,254,0,267
29,mean,0,350,256,0,266
29,mean,0,351,224,0,266
29,mean,0,352,288,0,334
29,mean,0,353,236,0,269
29,mean,0,354,280,0,334
29,mean,0,355,246,0,267
29,mean,0,356,202,0,267
29,mean,0,357,250,0,267
29,mean,0,358,238,0,267
29,mean,0,359,270,0,265
29,mean,0,360,272,0,268
29,mean,0,361,302,2,267
29,mean,0,362,218,0,266
29,mean,0,363,236,0,266
29,mean,0,364,214,2,267
29,mean,0,365,234,0,267
29,mean,0,366,250,0,267
29,mean,0,367,244,0,267
29,mean,0,368,238,0,267
29,mean,0,369,222,0,267
29,mean,0,370,264,0,266
29,mean,0,371,246,0,267
29,mean,0,372,242,0,267
29,mean,0,373,252,0,266
29,mean,0,374,236,0,265
29,mean,0,375,244,0,268
29,mean,0,376,260,0,266
29,mean,0,377,244,0,266
29,mean,0,378,230,0,267
29,mean,0,379,242,0,267
29,mean,0,380,240,0,267
29,mean,0,381,236,0,266
29,mean,0,382,226,0,266
29,mean,0,383,238,2,267
29,mean,0,384,278,0,333
29,mean,0,385,222,0,267
29,mean,0,386,224,0,268
29,mean,0,387,294,0,267
29,mean,0,388,256,0,267
29,mean,0,389,222,0,264
29,mean,0,390,254,0,267
29,mean,0,391,304,0,267
29,mean,0,392,220,4,266
29,mean,0,393,242,0,267
29,mean,0,394,268,0,267
29,mean,0,395,216,0,266
29,mean,0,396,218,0,267
29,mean,0,397,216,0,268
29,mean,0,398,214,0,266
29,mean,0,399,260,0,267
29,mean,0,400,228,0,267
29,mean,0,401,174,0,268
29,mean,0,402,262,0,267
29,mean,0,403,238,0,265
29,mean,0,404,234,2,266
29,mean,0,405,280,0,267
29,mean,0,406,254,0,266
29,mean,0,407,270,2,267
29,mean,0,408,262,0,267
29,mean,0,409,260,0,266
29,mean,0,410,246,0,267
29,mean,0,411,244,0,267
29,mean,0,412,320,0,334
29,mean,0,413,274,0,268
29,mean,0,414,282,0,267
29,mean,0,415,260,0,267
29,mean,0,416,248,0,267
29,mean,0,417,240,0,267
29,mean,0,418,276,0,266
29,mean,0,419,242,0,265
29,mean,0,420,248,0,267
29,mean,0,421,282,0,266
29,mean,0,422,278,0,266
29,mean,0,423,244,0,267
29,mean,0,424,264,0,266
29,mean,0,425,258,0,266
29,mean,0,426,244,2,266
29,mean,0,427,228,0,268
29,mean,0,428,214,0,266
29,mean,0,429,254,0,266
29,mean,0,430,228,0,266
29,mean,0,431,284,0,267
29,mean,0,432,220,2,267
29,mean,0,433,222,0,266
29,mean,0,434,250,0,265
29,mean,0,435,228,2,267
29,mean,0,436,256,0,266
29,mean,0,437,252,0,266
29,mean,0,438,236,0,267
29,mean,0,439,236,0,266
29,mean,0,440,278,0,266
29,mean,0,441,286,0,267
29,mean,0,442,268,0,267
29,mean,0,443,232,0,266
29,mean,0,444,230,0,267
29,mean,0,445,210,2,266
29,mean,0,446,216,0,266
29,mean,0,447,276,0,267
29,mean,0,448,264,0,266
29,mean,0,449,226,0,267
29,mean,0,450,272,0,333
29,mean,0,451,246,0,267
29,mean,0,452,280,2,267
29,mean,0,453,266,0,267
29,mean,0,454,238,0,267
29,mean,0,455,248,0,267
29,mean,0,456,296,0,334
29,mean,0,457,246,0,268
29,mean,0,458,228,0,267
29,mean,0,459,204,0,266
29,mean,0,460,274,0,267
29,mean,0,461,226,0,266
29,mean,0,462,242,0,266
29,mean,0,463,232,0,265
29,mean,0,464,238,0,269
29,mean,0,465,228,0,266
29,mean,0,466,242,0,266
29,mean,0,467,220,0,266
29,mean,0,468,230,0,267
29,mean,0,469,262,0,266
29,mean,0,470,238,0,267
29,mean,0,471,250,0,267
29,mean,0,472,224,0,267
29,mean,0,473,244,0,267
29,mean,0,474,240,0,266
29,mean,0,475,280,0,267
29,mean,0,476,278,0,266
29,mean,0,477,258,0,266
29,mean,0,478,258,0,266
29,mean,0,479,272,0,267
29,mean,0,480,244,2,267
29,mean,0,481,252,0,267
29,mean,0,482,268,0,266
29,mean,0,483,222,0,267
29,mean,0,484,240,0,267
29,mean,0,485,194,0,267
29,mean,0,486,222,8,267
29,mean,0,487,278,0,267
29,mean,0,488,240,0,266
29,mean,0,489,256,0,267
29,mean,0,490,286,0,268
29,mean,0,491,236,0,266
29,mean,0,492,268,0,266
29,mean,0,493,274,0,266
29,mean,0,494,258,0,267
29,mean,0,495,278,0,334
29,mean,0,496,252,0,268
29,mean,0,497,200,0,267
29,mean,0,498,230,0,266
29,mean,0,499,220,0,266
29,mean,0,500,246,0,267
29,mean,0,501,250,0,267
29,mean,0,502,270,2,266
29,mean,0,503,270,0,267
29,mean,0,504,240,0,266
29,mean,0,505,274,0,269
29,mean,0,506,268,0,267
29,mean,0,507,246,2,266
29,mean,0,508,236,0,266
29,mean,0,509,266,0,267
29,mean,0,510,244,0,266
29,mean,0,511,240,2,267
29,mean,0,512,304,0,267
29,mean,0,513,246,0,266
29,mean,0,514,254,0,266
29,mean,0,515,258,0,266
29,mean,0,516,230,0,268
29,mean,0,517,244,0,266
29,mean,0,518,234,0,267
29,mean,0,519,238,0,267
29,mean,0,520,238,0,267
29,mean,0,521,268,0,266
29,mean,0,522,244,0,267
29,mean,0,523,280,0,265
29,mean,0,524,242,0,267
29,mean,0,525,272,0,267
29,mean,0,526,248,0,266
29,mean,0,527,280,0,268
29,mean,0,528,256,0,267
29,mean,0,529,236,0,266
29,mean,0,530,266,0,267
29,mean,0,531,256,0,267
29,mean,0,532,252,0,267
29,mean,0,533,228,0,266
29,mean,0,534,218,0,266
29,mean,0,535,262,0,267
29,mean,0,536,238,0,266
29,mean,0,537,244,0,264
29,mean,0,538,278,0,266
29,mean,0,539,240,0,267
29,mean,0,540,268,0,266
29,mean,0,541,210,0,266
29,mean,0,542,294,0,267
29,mean,0,543,250,0,267
29,mean,0,544,224,0,266
29,mean,0,545,264,0,267
29,mean,0,546,282,0,334
29,mean,0,547,226,0,268
29,mean,0,548,250,0,267
29,mean,0,549,284,0,267
29,mean,0,550,210,0,267
29,mean,0,551,292,0,266
29,mean,0,552,236,0,265
29,mean,0,553,220,0,267
29,mean,0,554,230,0,266
29,mean,0,555,232,0,266
29,mean,0,556,264,0,267
29,mean,0,557,264,0,267
29,mean,0,558,290,0,267
29,mean,0,559,208,0,267
29,mean,0,560,232,0,266
29,mean,0,561,252,0,267
29,mean,0,562,222,0,267
29,mean,0,563,248,0,267
29,mean,0,564,226,0,267
29,mean,0,565,242,0,266
29,mean,0,566,212,0,267
29,mean,0,567,254,4,266
29,mean,0,568,258,0,267
29,mean,0,569,244,0,267
29,mean,0,570,218,0,266
29,mean,0,571,196,0,266
29,mean,0,572,276,0,267
29,mean,0,573,256,0,267
29,mean,0,574,302,0,334
29,mean,0,575,268,0,268
29,mean,0,576,268,0,267
29,mean,0,577,186,0,266
29,mean,0,578,232,0,266
29,mean,0,579,260,0,267
29,mean,0,580,266,0,266
29,mean,0,581,272,0,333
29,mean,0,582,224,0,267
29,mean,0,583,238,0,267
29,mean,0,584,232,0,267
29,mean,0,585,244,0,268
29,mean,0,586,272,0,267
29,mean,0,587,262,0,267
29,mean,0,588,248,4,267
29,mean,0,589,238,0,266
29,mean,0,590,252,0,268
29,mean,0,591,230,0,267
29,mean,0,592,220,0,267
29,mean,0,593,240,0,266
29,mean,0,594,274,0,268
29,mean,0,595,256,0,268
29,mean,0,596,268,0,266
29,mean,0,597,260,0,265
29,mean,0,598,266,0,267
29,mean,0,599,208,0,266
